ULPIN_ID,Scene_ID,Building_ID,Centroid_X,Centroid_Y,Footprint_Area_m2,Building_Height_m,Building_Volume_m3,Roof_Area_m2,Roof_Height_m,Roof_Centroid_X,Roof_Centroid_Y,Point_Count,Roof_Point_Count,Roof_Footprint_Ratio,Estimated_Floors,Building_Type,Usable_Roof_Area_m2,Estimated_Solar_Capacity_kW,Has_3D_Geometry,2D_Roof_ID,YOLO_Confidence,Roof_Pixel_X,Roof_Pixel_Y,Matched_ULPIN_ID,Matched_Building_ID,3D_Centroid_X,3D_Centroid_Y,3D_Scene3_Pixel_X,3D_Scene3_Pixel_Y,Pixel_Distance,Match_Score,Match_Accepted,Roof_Detected_2D,Data_Status,Solar_Data_Available
IN3D-01-0000,1,0,18.041,-1.757,102.72,5.53,567.55,96.19,3.21,18.262,-1.474,1558,754,0.936,2,Low-rise,72.14,7.21,True,-1.0,,,,,,,,,,,,False,False,3D_inventory_only,True
IN3D-01-0001,1,1,60.609,55.508,72.27,4.28,309.35,65.02,1.85,60.196,55.692,1013,455,0.9,1,Low-rise,48.76,4.88,True,-1.0,,,,,,,,,,,,False,False,3D_inventory_only,True
IN3D-01-0002,1,2,-71.296,7.191,427.03,9.23,3940.53,373.57,3.32,-71.942,6.001,4263,2197,0.875,3,Mid-rise,280.18,28.02,True,-1.0,,,,,,,,,,,,False,False,3D_inventory_only,True
IN3D-01-0003,1,3,5.465,-47.448,180.97,5.39,974.87,169.12,2.01,4.863,-47.128,2197,564,0.935,2,Low-rise,126.84,12.68,True,-1.0,,,,,,,,,,,,False,False,3D_inventory_only,True
IN3D-01-0004,1,4,49.197,55.887,148.35,4.98,739.15,136.68,3.32,48.715,55.389,1481,803,0.921,2,Low-rise,102.51,10.25,True,-1.0,,,,,,,,,,,,False,False,3D_inventory_only,True
IN3D-01-0005,1,5,-71.133,-60.46,75.97,5.56,422.43,68.9,2.13,-70.431,-59.699,1033,238,0.907,2,Low-rise,51.68,5.17,True,-1.0,,,,,,,,,,,,False,False,3D_inventory_only,True
IN3D-01-0006,1,6,-62.987,-56.65,90.38,5.24,473.28,76.77,2.34,-63.253,-57.184,1176,614,0.849,2,Low-rise,57.58,5.76,True,-1.0,,,,,,,,,,,,False,False,3D_inventory_only,True
IN3D-01-0007,1,7,-42.467,23.555,98.77,4.52,446.77,94.25,0.79,-42.204,24.268,885,341,0.954,2,Low-rise,70.69,7.07,True,-1.0,,,,,,,,,,,,False,False,3D_inventory_only,True
IN3D-01-0008,1,8,23.643,79.213,117.83,4.87,573.72,110.58,2.18,22.7,80.338,1276,596,0.938,2,Low-rise,82.94,8.29,True,-1.0,,,,,,,,,,,,False,False,3D_inventory_only,True
IN3D-01-0009,1,9,-79.619,-3.215,51.71,3.3,170.77,46.99,0.92,-78.667,-3.674,446,210,0.909,1,Single-storey,35.24,3.52,True,-1.0,,,,,,,,,,,,False,False,3D_inventory_only,True
IN3D-01-0010,1,10,17.993,-14.22,111.78,7.66,856.53,99.85,5.36,18.614,-13.818,2045,1083,0.893,3,Low-rise,74.89,7.49,True,-1.0,,,,,,,,,,,,False,False,3D_inventory_only,True
IN3D-01-0011,1,11,41.116,71.994,133.16,14.18,1887.75,128.45,3.96,41.097,73.132,6710,1840,0.965,5,Mid-rise,96.34,9.63,True,-1.0,,,,,,,,,,,,False,False,3D_inventory_only,True
IN3D-01-0012,1,12,57.17,68.09,90.27,9.92,895.6,86.68,3.97,57.355,67.902,2330,832,0.96,3,Mid-rise,65.01,6.5,True,-1.0,,,,,,,,,,,,False,False,3D_inventory_only,True
IN3D-01-0013,1,13,62.241,45.904,121.53,6.93,841.99,94.63,3.65,62.811,45.656,1192,472,0.779,2,Low-rise,70.97,7.1,True,-1.0,,,,,,,,,,,,False,False,3D_inventory_only,True
IN3D-01-0014,1,14,65.041,-15.427,147.62,12.72,1877.63,138.57,10.01,65.082,-14.304,4968,1715,0.939,4,Mid-rise,103.93,10.39,True,-1.0,,,,,,,,,,,,False,False,3D_inventory_only,True
IN3D-01-0015,1,15,18.481,63.646,201.82,5.5,1110.35,187.02,2.7,19.433,64.399,2075,1236,0.927,2,Low-rise,140.27,14.03,True,-1.0,,,,,,,,,,,,False,False,3D_inventory_only,True
IN3D-01-0016,1,16,85.846,15.457,59.46,5.32,316.58,48.43,1.77,86.402,16.066,1211,274,0.814,2,Low-rise,36.32,3.63,True,-1.0,,,,,,,,,,,,False,False,3D_inventory_only,True
IN3D-01-0017,1,17,51.558,40.298,121.51,12.71,1544.22,107.74,3.93,50.413,40.55,4820,1281,0.887,4,Mid-rise,80.8,8.08,True,-1.0,,,,,,,,,,,,False,False,3D_inventory_only,True
IN3D-01-0018,1,18,-12.889,34.81,118.82,5.86,695.96,104.93,1.96,-14.8,35.438,1439,439,0.883,2,Low-rise,78.7,7.87,True,-1.0,,,,,,,,,,,,False,False,3D_inventory_only,True
IN3D-01-0019,1,19,-17.909,47.65,119.97,6.85,821.44,112.4,1.91,-18.972,47.591,1691,442,0.937,2,Low-rise,84.3,8.43,True,-1.0,,,,,,,,,,,,False,False,3D_inventory_only,True
IN3D-01-0020,1,20,68.823,-127.181,194.01,14.58,2828.18,161.84,3.75,70.871,-127.328,5564,2002,0.834,5,Mid-rise,121.38,12.14,True,-1.0,,,,,,,,,,,,False,False,3D_inventory_only,True
IN3D-01-0021,1,21,23.633,96.688,122.42,5.23,640.53,116.96,3.61,23.376,97.288,1939,794,0.955,2,Low-rise,87.72,8.77,True,-1.0,,,,,,,,,,,,False,False,3D_inventory_only,True
IN3D-01-0022,1,22,21.825,-35.164,83.93,4.49,376.55,78.32,2.27,23.098,-34.503,1190,403,0.933,1,Low-rise,58.74,5.87,True,-1.0,,,,,,,,,,,,False,False,3D_inventory_only,True
IN3D-01-0023,1,23,15.157,9.8,80.17,4.42,354.61,68.87,1.91,16.424,10.027,964,354,0.859,1,Low-rise,51.65,5.16,True,-1.0,,,,,,,,,,,,False,False,3D_inventory_only,True
IN3D-01-0024,1,24,36.781,46.11,117.46,5.96,700.04,103.59,3.0,35.375,46.059,1503,605,0.882,2,Low-rise,77.69,7.77,True,-1.0,,,,,,,,,,,,False,False,3D_inventory_only,True
IN3D-01-0025,1,25,-22.491,13.589,67.56,5.11,345.26,56.33,2.17,-22.727,14.041,1111,310,0.834,2,Low-rise,42.25,4.22,True,-1.0,,,,,,,,,,,,False,False,3D_inventory_only,True
IN3D-01-0026,1,26,-22.352,-51.351,132.86,15.28,2030.11,123.28,5.33,-22.634,-50.66,4835,1367,0.928,5,High-rise,92.46,9.25,True,-1.0,,,,,,,,,,,,False,False,3D_inventory_only,True
IN3D-01-0027,1,27,76.59,66.12,167.02,4.96,827.96,159.24,3.34,76.524,65.196,1874,1054,0.953,2,Low-rise,119.43,11.94,True,-1.0,,,,,,,,,,,,False,False,3D_inventory_only,True
IN3D-01-0028,1,28,-5.23,-15.813,56.65,4.59,260.14,55.38,1.94,-5.742,-15.114,814,341,0.978,2,Low-rise,41.54,4.15,True,-1.0,,,,,,,,,,,,False,False,3D_inventory_only,True
IN3D-01-0029,1,29,-38.319,-99.181,72.17,5.78,416.99,60.48,2.61,-39.721,-97.95,1139,491,0.838,2,Low-rise,45.36,4.54,True,-1.0,,,,,,,,,,,,False,False,3D_inventory_only,True
IN3D-01-0030,1,30,70.998,76.538,25.45,4.57,116.45,24.45,1.91,71.391,76.786,513,184,0.961,2,Low-rise,18.34,1.83,True,-1.0,,,,,,,,,,,,False,False,3D_inventory_only,True
IN3D-01-0031,1,31,93.373,-125.738,116.16,13.31,1545.79,99.76,3.12,93.3,-126.402,3503,1228,0.859,4,Mid-rise,74.82,7.48,True,-1.0,,,,,,,,,,,,False,False,3D_inventory_only,True
IN3D-01-0032,1,32,53.248,-15.149,157.56,12.66,1994.64,154.64,2.54,53.669,-15.814,5143,1742,0.981,4,Mid-rise,115.98,11.6,True,-1.0,,,,,,,,,,,,False,False,3D_inventory_only,True
IN3D-01-0033,1,33,-62.981,-38.312,123.29,6.57,809.99,102.9,2.4,-64.307,-39.317,1828,464,0.835,2,Low-rise,77.18,7.72,True,-1.0,,,,,,,,,,,,False,False,3D_inventory_only,True
IN3D-01-0034,1,34,34.986,55.824,81.1,12.44,1009.09,79.2,2.65,34.888,55.707,3133,960,0.977,4,Mid-rise,59.4,5.94,True,-1.0,,,,,,,,,,,,False,False,3D_inventory_only,True
IN3D-01-0035,1,35,63.354,-113.569,113.75,5.69,647.5,93.34,2.87,64.672,-112.62,1285,586,0.821,2,Low-rise,70.0,7.0,True,-1.0,,,,,,,,,,,,False,False,3D_inventory_only,True
IN3D-01-0036,1,36,23.444,47.623,156.8,15.92,2495.66,142.87,4.55,23.1,48.028,7261,2366,0.911,5,High-rise,107.15,10.72,True,-1.0,,,,,,,,,,,,False,False,3D_inventory_only,True
IN3D-01-0037,1,37,58.18,-44.422,103.26,5.64,582.24,96.8,2.33,58.572,-44.291,1341,373,0.937,2,Low-rise,72.6,7.26,True,-1.0,,,,,,,,,,,,False,False,3D_inventory_only,True
IN3D-01-0038,1,38,-47.706,-107.757,145.61,9.1,1324.7,140.19,2.32,-48.128,-107.394,2708,674,0.963,3,Mid-rise,105.14,10.51,True,-1.0,,,,,,,,,,,,False,False,3D_inventory_only,True
IN3D-01-0039,1,39,103.299,93.814,40.13,3.0,120.56,31.3,1.0,103.271,93.652,536,200,0.78,1,Single-storey,23.48,2.35,True,-1.0,,,,,,,,,,,,False,False,3D_inventory_only,True
IN3D-01-0040,1,40,115.182,53.524,114.08,3.91,445.76,100.11,1.69,115.229,53.66,1498,822,0.878,1,Single-storey,75.08,7.51,True,-1.0,,,,,,,,,,,,False,False,3D_inventory_only,True
IN3D-01-0041,1,41,56.068,96.34,96.25,6.12,588.91,87.38,2.07,55.398,96.511,2001,767,0.908,2,Low-rise,65.54,6.55,True,-1.0,,,,,,,,,,,,False,False,3D_inventory_only,True
IN3D-01-0042,1,42,59.111,31.762,86.14,4.67,402.33,82.99,3.87,60.549,31.597,846,499,0.963,2,Low-rise,62.24,6.22,True,-1.0,,,,,,,,,,,,False,False,3D_inventory_only,True
IN3D-01-0043,1,43,10.978,23.54,150.8,14.26,2150.56,146.44,2.4,10.863,23.614,5497,1518,0.971,5,Mid-rise,109.83,10.98,True,-1.0,,,,,,,,,,,,False,False,3D_inventory_only,True
IN3D-01-0044,1,44,33.362,13.065,165.84,12.14,2013.04,153.85,9.1,32.47,13.647,5173,1600,0.928,4,Mid-rise,115.39,11.54,True,-1.0,,,,,,,,,,,,False,False,3D_inventory_only,True
IN3D-01-0045,1,45,66.84,5.72,142.1,12.96,1841.36,123.4,3.0,66.067,5.044,5544,1204,0.868,4,Mid-rise,92.55,9.25,True,-1.0,,,,,,,,,,,,False,False,3D_inventory_only,True
IN3D-01-0046,1,46,46.559,-103.54,146.11,16.56,2418.8,114.7,4.9,47.03,-103.409,5697,1214,0.785,6,High-rise,86.02,8.6,True,-1.0,,,,,,,,,,,,False,False,3D_inventory_only,True
IN3D-01-0047,1,47,51.141,2.625,130.71,14.18,1852.93,120.79,3.42,51.019,2.416,6047,1881,0.924,5,Mid-rise,90.59,9.06,True,-1.0,,,,,,,,,,,,False,False,3D_inventory_only,True
IN3D-01-0048,1,48,88.491,50.539,179.05,13.97,2500.45,169.55,4.1,88.068,50.543,5510,1591,0.947,5,Mid-rise,127.16,12.72,True,-1.0,,,,,,,,,,,,False,False,3D_inventory_only,True
IN3D-01-0049,1,49,81.322,-1.827,200.62,13.23,2653.25,195.54,3.36,82.415,-2.092,6470,2045,0.975,4,Mid-rise,146.66,14.67,True,-1.0,,,,,,,,,,,,False,False,3D_inventory_only,True
IN3D-01-0050,1,50,-19.41,60.356,122.37,6.24,763.02,107.4,1.74,-20.904,60.85,1679,758,0.878,2,Low-rise,80.55,8.06,True,-1.0,,,,,,,,,,,,False,False,3D_inventory_only,True
IN3D-01-0051,1,51,15.453,-84.424,179.48,14.87,2668.25,136.45,2.88,16.379,-85.419,6280,960,0.76,5,Mid-rise,102.34,10.23,True,-1.0,,,,,,,,,,,,False,False,3D_inventory_only,True
IN3D-01-0052,1,52,74.184,103.081,47.9,5.14,246.08,45.54,3.16,74.469,103.575,746,397,0.951,2,Low-rise,34.16,3.42,True,-1.0,,,,,,,,,,,,False,False,3D_inventory_only,True
IN3D-01-0053,1,53,31.216,-31.348,78.32,6.33,495.44,72.2,2.64,31.196,-29.556,1068,504,0.922,2,Low-rise,54.15,5.42,True,-1.0,,,,,,,,,,,,False,False,3D_inventory_only,True
IN3D-01-0054,1,54,-55.559,-98.897,211.28,4.25,898.35,193.63,1.17,-55.829,-100.103,1891,803,0.916,1,Low-rise,145.22,14.52,True,-1.0,,,,,,,,,,,,False,False,3D_inventory_only,True
IN3D-01-0055,1,55,93.909,-111.725,57.68,4.71,271.65,50.26,2.35,94.092,-111.251,945,378,0.871,2,Low-rise,37.7,3.77,True,-1.0,,,,,,,,,,,,False,False,3D_inventory_only,True
IN3D-01-0056,1,56,19.775,-26.032,29.17,2.65,77.32,23.28,1.2,19.819,-25.65,797,330,0.798,1,Single-storey,17.46,1.75,True,-1.0,,,,,,,,,,,,False,False,3D_inventory_only,True
IN3D-01-0057,1,57,-28.025,-125.625,134.43,9.21,1238.47,104.89,1.27,-28.163,-125.292,3414,1144,0.78,3,Mid-rise,78.67,7.87,True,-1.0,,,,,,,,,,,,False,False,3D_inventory_only,True
IN3D-01-0058,1,58,104.606,82.004,230.76,12.72,2935.11,200.39,3.26,105.155,83.91,5810,1469,0.868,4,Mid-rise,150.29,15.03,True,-1.0,,,,,,,,,,,,False,False,3D_inventory_only,True
IN3D-01-0059,1,59,-46.426,-48.685,201.84,13.24,2672.78,181.65,5.2,-47.019,-48.252,6052,2331,0.9,4,Mid-rise,136.24,13.62,True,-1.0,,,,,,,,,,,,False,False,3D_inventory_only,True
IN3D-01-0060,1,60,-7.153,-113.698,155.13,12.77,1980.63,129.05,5.25,-7.173,-113.652,5294,1863,0.832,4,Mid-rise,96.79,9.68,True,-1.0,,,,,,,,,,,,False,False,3D_inventory_only,True
IN3D-01-0061,1,61,76.859,-114.443,63.71,4.95,315.12,52.3,2.52,76.07,-114.117,778,366,0.821,2,Low-rise,39.22,3.92,True,-1.0,,,,,,,,,,,,False,False,3D_inventory_only,True
IN3D-01-0062,1,62,-35.885,27.439,53.57,5.88,314.73,50.43,1.72,-35.557,28.174,962,283,0.941,2,Low-rise,37.82,3.78,True,-1.0,,,,,,,,,,,,False,False,3D_inventory_only,True
IN3D-01-0063,1,63,14.396,107.167,43.82,3.87,169.46,33.6,1.82,14.393,106.954,728,320,0.767,1,Single-storey,25.2,2.52,True,-1.0,,,,,,,,,,,,False,False,3D_inventory_only,True
IN3D-01-0064,1,64,42.416,32.88,130.89,10.35,1354.23,107.54,1.14,41.431,33.972,4464,1616,0.822,3,Mid-rise,80.66,8.07,True,-1.0,,,,,,,,,,,,False,False,3D_inventory_only,True
IN3D-01-0065,1,65,26.96,-10.853,88.38,12.91,1141.14,71.64,1.25,26.187,-8.947,3922,662,0.811,4,Mid-rise,53.73,5.37,True,-1.0,,,,,,,,,,,,False,False,3D_inventory_only,True
IN3D-01-0066,1,66,70.31,23.674,136.56,13.92,1901.54,122.2,3.68,69.239,23.838,5368,1655,0.895,5,Mid-rise,91.65,9.17,True,-1.0,,,,,,,,,,,,False,False,3D_inventory_only,True
IN3D-01-0067,1,67,-8.979,14.576,164.35,12.91,2122.41,145.69,2.51,-9.276,15.385,3957,700,0.886,4,Mid-rise,109.27,10.93,True,-1.0,,,,,,,,,,,,False,False,3D_inventory_only,True
IN3D-01-0068,1,68,19.003,-116.234,145.68,15.08,2196.39,136.78,2.51,18.746,-116.569,5023,1434,0.939,5,High-rise,102.58,10.26,True,-1.0,,,,,,,,,,,,False,False,3D_inventory_only,True
IN3D-01-0069,1,69,52.686,106.938,103.92,6.13,636.78,89.67,2.36,52.681,107.846,1610,532,0.863,2,Low-rise,67.25,6.72,True,-1.0,,,,,,,,,,,,False,False,3D_inventory_only,True
IN3D-01-0070,1,70,36.749,88.731,129.79,13.06,1694.56,123.05,2.84,36.099,88.894,4918,1498,0.948,4,Mid-rise,92.29,9.23,True,-1.0,,,,,,,,,,,,False,False,3D_inventory_only,True
IN3D-01-0071,1,71,-49.819,-35.387,123.68,5.29,654.81,105.12,2.43,-49.714,-36.943,1405,528,0.85,2,Low-rise,78.84,7.88,True,-1.0,,,,,,,,,,,,False,False,3D_inventory_only,True
IN3D-01-0072,1,72,44.265,23.207,136.84,5.1,698.39,122.96,2.33,43.873,24.258,2475,1159,0.899,2,Low-rise,92.22,9.22,True,-1.0,,,,,,,,,,,,False,False,3D_inventory_only,True
IN3D-01-0073,1,73,-26.182,29.788,124.95,15.17,1895.11,113.63,4.38,-26.368,30.361,4970,1556,0.909,5,High-rise,85.22,8.52,True,-1.0,,,,,,,,,,,,False,False,3D_inventory_only,True
IN3D-01-0074,1,74,-9.789,-48.098,155.37,15.47,2402.83,124.36,5.28,-11.746,-48.083,5448,1549,0.8,5,High-rise,93.27,9.33,True,-1.0,,,,,,,,,,,,False,False,3D_inventory_only,True
IN3D-01-0075,1,75,-67.692,-12.88,199.33,18.79,3744.39,149.47,5.99,-68.566,-11.086,9188,1527,0.75,6,High-rise,112.1,11.21,True,-1.0,,,,,,,,,,,,False,False,3D_inventory_only,True
IN3D-01-0076,1,76,-3.703,-54.391,44.0,3.57,157.27,32.26,0.52,-5.006,-54.005,901,161,0.733,1,Single-storey,24.2,2.42,True,-1.0,,,,,,,,,,,,False,False,3D_inventory_only,True
IN3D-01-0077,1,77,100.667,17.09,159.55,12.84,2048.8,135.79,2.73,101.505,17.312,5115,1498,0.851,4,Mid-rise,101.84,10.18,True,-1.0,,,,,,,,,,,,False,False,3D_inventory_only,True
IN3D-01-0078,1,78,48.47,123.442,223.89,5.19,1162.21,208.55,3.16,48.989,124.114,2689,1379,0.931,2,Low-rise,156.41,15.64,True,-1.0,,,,,,,,,,,,False,False,3D_inventory_only,True
IN3D-01-0079,1,79,82.764,-126.029,76.41,5.15,393.67,67.76,2.04,82.729,-126.664,860,537,0.887,2,Low-rise,50.82,5.08,True,-1.0,,,,,,,,,,,,False,False,3D_inventory_only,True
IN3D-01-0080,1,80,96.25,99.867,119.79,6.15,736.5,108.48,4.86,96.59,99.638,1616,877,0.906,2,Low-rise,81.36,8.14,True,-1.0,,,,,,,,,,,,False,False,3D_inventory_only,True
IN3D-01-0081,1,81,67.033,115.303,149.81,12.85,1924.79,138.34,3.79,66.763,116.756,4674,2028,0.923,4,Mid-rise,103.76,10.38,True,-1.0,,,,,,,,,,,,False,False,3D_inventory_only,True
IN3D-01-0082,1,82,15.403,46.262,41.8,6.66,278.32,37.94,2.36,16.202,46.468,865,298,0.908,2,Low-rise,28.46,2.85,True,-1.0,,,,,,,,,,,,False,False,3D_inventory_only,True
IN3D-01-0083,1,83,-77.949,-41.165,142.91,5.95,850.11,137.95,2.83,-78.411,-41.103,2989,1943,0.965,2,Low-rise,103.46,10.35,True,-1.0,,,,,,,,,,,,False,False,3D_inventory_only,True
IN3D-01-0084,1,84,89.44,40.871,90.8,4.84,439.63,79.75,2.58,90.121,41.462,1040,482,0.878,2,Low-rise,59.81,5.98,True,-1.0,,,,,,,,,,,,False,False,3D_inventory_only,True
IN3D-01-0085,1,85,-1.603,-131.181,134.58,7.47,1004.75,122.41,2.82,-0.91,-131.214,1904,867,0.91,2,Low-rise,91.81,9.18,True,-1.0,,,,,,,,,,,,False,False,3D_inventory_only,True
IN3D-01-0086,1,86,76.593,77.463,67.12,7.13,478.49,62.46,2.02,76.83,79.046,1081,277,0.931,2,Low-rise,46.84,4.68,True,-1.0,,,,,,,,,,,,False,False,3D_inventory_only,True
IN3D-01-0087,1,87,105.75,107.94,136.15,11.92,1622.8,122.61,4.21,105.507,108.404,4467,1320,0.901,4,Mid-rise,91.96,9.2,True,-1.0,,,,,,,,,,,,False,False,3D_inventory_only,True
IN3D-01-0088,1,88,11.771,96.699,87.73,4.68,410.89,76.1,1.15,10.867,97.229,1198,500,0.867,2,Low-rise,57.08,5.71,True,-1.0,,,,,,,,,,,,False,False,3D_inventory_only,True
IN3D-01-0089,1,89,123.871,-115.96,93.02,5.46,507.79,80.25,1.71,122.72,-114.702,1223,550,0.863,2,Low-rise,60.19,6.02,True,-1.0,,,,,,,,,,,,False,False,3D_inventory_only,True
IN3D-01-0090,1,90,103.443,60.404,141.54,13.74,1944.55,135.13,3.7,103.152,61.059,5496,1519,0.955,5,Mid-rise,101.35,10.14,True,-1.0,,,,,,,,,,,,False,False,3D_inventory_only,True
IN3D-01-0091,1,91,24.734,-23.497,72.05,5.31,382.57,64.18,1.55,25.873,-22.957,1188,484,0.891,2,Low-rise,48.14,4.81,True,-1.0,,,,,,,,,,,,False,False,3D_inventory_only,True
IN3D-01-0092,1,92,49.246,-28.836,45.23,5.34,241.74,37.48,0.92,48.404,-27.688,1621,399,0.829,2,Low-rise,28.11,2.81,True,-1.0,,,,,,,,,,,,False,False,3D_inventory_only,True
IN3D-01-0093,1,93,84.842,102.425,157.49,14.31,2253.49,146.59,7.11,85.625,103.182,6813,1781,0.931,5,Mid-rise,109.94,10.99,True,-1.0,,,,,,,,,,,,False,False,3D_inventory_only,True
IN3D-01-0094,1,94,39.772,-12.703,65.64,4.77,313.17,60.16,1.7,39.885,-13.185,1012,417,0.917,2,Low-rise,45.12,4.51,True,-1.0,,,,,,,,,,,,False,False,3D_inventory_only,True
IN3D-01-0095,1,95,26.714,27.485,239.8,14.59,3497.98,230.38,3.85,26.334,27.539,8658,3362,0.961,5,Mid-rise,172.78,17.28,True,-1.0,,,,,,,,,,,,False,False,3D_inventory_only,True
IN3D-01-0096,1,96,88.248,-101.985,153.42,17.51,2685.79,140.5,2.81,87.984,-102.011,6446,1368,0.916,6,High-rise,105.38,10.54,True,-1.0,,,,,,,,,,,,False,False,3D_inventory_only,True
IN3D-01-0097,1,97,-71.068,-49.851,46.52,6.03,280.35,38.87,2.38,-71.152,-48.437,928,218,0.836,2,Low-rise,29.15,2.92,True,-1.0,,,,,,,,,,,,False,False,3D_inventory_only,True
IN3D-01-0098,1,98,2.12,83.027,66.63,3.31,220.84,63.9,1.37,2.604,82.981,854,442,0.959,1,Single-storey,47.92,4.79,True,-1.0,,,,,,,,,,,,False,False,3D_inventory_only,True
IN3D-01-0099,1,99,-21.821,41.292,38.78,3.03,117.57,34.9,0.64,-21.12,41.715,408,227,0.9,1,Single-storey,26.17,2.62,True,-1.0,,,,,,,,,,,,False,False,3D_inventory_only,True
IN3D-01-0100,1,100,79.335,137.157,262.64,6.36,1669.26,226.03,3.31,79.106,138.483,2672,1303,0.861,2,Low-rise,169.52,16.95,True,-1.0,,,,,,,,,,,,False,False,3D_inventory_only,True
IN3D-01-0101,1,101,-12.673,113.866,137.51,15.3,2104.49,129.76,2.53,-12.37,114.751,4141,1082,0.944,5,High-rise,97.32,9.73,True,-1.0,,,,,,,,,,,,False,False,3D_inventory_only,True
IN3D-01-0102,1,102,-64.561,116.996,153.21,16.23,2486.51,137.9,3.36,-64.698,118.151,5220,1896,0.9,5,High-rise,103.43,10.34,True,-1.0,,,,,,,,,,,,False,False,3D_inventory_only,True
IN3D-01-0103,1,103,96.556,123.497,147.33,12.81,1887.08,129.79,1.4,96.732,124.555,6085,2196,0.881,4,Mid-rise,97.34,9.73,True,-1.0,,,,,,,,,,,,False,False,3D_inventory_only,True
IN3D-01-0104,1,104,70.348,87.298,145.77,11.92,1737.63,130.87,2.23,68.639,87.498,5530,1083,0.898,4,Mid-rise,98.15,9.82,True,-1.0,,,,,,,,,,,,False,False,3D_inventory_only,True
IN3D-01-0105,1,105,100.697,-105.947,145.13,5.36,777.36,138.09,4.2,100.469,-105.24,1737,1272,0.951,2,Low-rise,103.57,10.36,True,-1.0,,,,,,,,,,,,False,False,3D_inventory_only,True
IN3D-01-0106,1,106,20.643,127.158,43.47,2.81,121.94,39.16,0.97,20.844,127.855,632,288,0.901,1,Single-storey,29.37,2.94,True,-1.0,,,,,,,,,,,,False,False,3D_inventory_only,True
IN3D-01-0107,1,107,101.381,-147.168,152.86,12.78,1953.9,130.21,5.86,101.715,-147.805,3710,1393,0.852,4,Mid-rise,97.66,9.77,True,-1.0,,,,,,,,,,,,False,False,3D_inventory_only,True
IN3D-01-0108,1,108,60.712,134.621,135.84,6.27,851.34,111.57,3.54,61.273,136.283,1216,666,0.821,2,Low-rise,83.68,8.37,True,-1.0,,,,,,,,,,,,False,False,3D_inventory_only,True
IN3D-01-0109,1,109,-8.704,-8.48,81.79,6.45,527.92,73.8,2.1,-8.67,-8.624,1114,341,0.902,2,Low-rise,55.35,5.54,True,-1.0,,,,,,,,,,,,False,False,3D_inventory_only,True
IN3D-01-0110,1,110,111.562,-103.903,183.08,14.43,2641.74,116.73,3.43,110.484,-102.673,5064,1160,0.638,5,Mid-rise,87.55,8.75,True,-1.0,,,,,,,,,,,,False,False,3D_inventory_only,True
IN3D-01-0111,1,111,-13.656,-140.473,148.16,5.5,814.37,142.18,3.52,-14.101,-141.226,1418,724,0.96,2,Low-rise,106.64,10.66,True,-1.0,,,,,,,,,,,,False,False,3D_inventory_only,True
IN3D-01-0112,1,112,-38.353,-134.672,125.86,14.53,1829.27,121.09,4.08,-38.054,-134.765,4068,1714,0.962,5,Mid-rise,90.82,9.08,True,-1.0,,,,,,,,,,,,False,False,3D_inventory_only,True
IN3D-01-0113,1,113,52.047,77.633,106.66,5.09,542.61,100.91,3.56,52.026,77.322,1180,782,0.946,2,Low-rise,75.68,7.57,True,-1.0,,,,,,,,,,,,False,False,3D_inventory_only,True
IN3D-01-0114,1,114,98.87,-10.741,104.96,12.61,1323.41,88.25,2.75,97.948,-10.899,3240,1307,0.841,4,Mid-rise,66.19,6.62,True,-1.0,,,,,,,,,,,,False,False,3D_inventory_only,True
IN3D-01-0115,1,115,27.918,110.086,143.27,16.81,2407.93,123.22,5.55,28.006,110.711,7402,1476,0.86,6,High-rise,92.42,9.24,True,-1.0,,,,,,,,,,,,False,False,3D_inventory_only,True
IN3D-01-0116,1,116,-36.513,122.702,165.86,12.66,2099.83,138.89,5.97,-37.043,123.485,4468,1706,0.837,4,Mid-rise,104.17,10.42,True,-1.0,,,,,,,,,,,,False,False,3D_inventory_only,True
IN3D-01-0117,1,117,-43.289,90.869,270.05,15.07,4068.37,248.5,12.91,-42.649,91.842,7931,2569,0.92,5,High-rise,186.38,18.64,True,-1.0,,,,,,,,,,,,False,False,3D_inventory_only,True
IN3D-01-0118,1,118,11.192,-119.695,51.03,3.8,193.73,44.77,1.16,11.094,-119.666,699,340,0.877,1,Single-storey,33.58,3.36,True,-1.0,,,,,,,,,,,,False,False,3D_inventory_only,True
IN3D-01-0119,1,119,12.522,80.607,156.51,15.12,2366.95,145.59,5.49,13.188,81.548,5792,1321,0.93,5,High-rise,109.19,10.92,True,-1.0,,,,,,,,,,,,False,False,3D_inventory_only,True
IN3D-01-0120,1,120,1.724,94.294,145.08,16.12,2338.22,137.93,5.07,2.398,94.307,5809,1376,0.951,5,High-rise,103.45,10.34,True,-1.0,,,,,,,,,,,,False,False,3D_inventory_only,True
IN3D-01-0121,1,121,30.587,-76.184,211.32,16.22,3426.69,205.83,16.16,30.662,-76.195,6842,1708,0.974,5,High-rise,154.37,15.44,True,-1.0,,,,,,,,,,,,False,False,3D_inventory_only,True
IN3D-01-0122,1,122,91.499,30.783,171.03,16.55,2830.15,155.94,5.03,92.078,31.279,8029,1787,0.912,6,High-rise,116.96,11.7,True,-1.0,,,,,,,,,,,,False,False,3D_inventory_only,True
IN3D-01-0123,1,123,79.874,-96.442,178.83,8.06,1440.98,141.46,5.3,79.141,-98.201,1693,671,0.791,3,Mid-rise,106.1,10.61,True,-1.0,,,,,,,,,,,,False,False,3D_inventory_only,True
IN3D-01-0124,1,124,87.399,78.831,145.3,16.69,2424.95,131.34,5.16,86.706,79.693,6198,1162,0.904,6,High-rise,98.5,9.85,True,-1.0,,,,,,,,,,,,False,False,3D_inventory_only,True
IN3D-01-0125,1,125,71.745,-9.39,63.59,6.0,381.37,59.19,2.97,71.783,-9.274,1110,561,0.931,2,Low-rise,44.39,4.44,True,-1.0,,,,,,,,,,,,False,False,3D_inventory_only,True
IN3D-01-0126,1,126,91.143,-17.737,140.02,15.22,2131.17,122.59,5.11,92.407,-17.357,5369,1374,0.876,5,High-rise,91.94,9.19,True,-1.0,,,,,,,,,,,,False,False,3D_inventory_only,True
IN3D-01-0127,1,127,49.6,133.979,91.22,4.82,440.13,74.74,2.06,50.564,134.049,954,440,0.819,2,Low-rise,56.05,5.6,True,-1.0,,,,,,,,,,,,False,False,3D_inventory_only,True
IN3D-01-0128,1,128,-1.352,116.188,50.54,3.9,197.34,47.32,2.02,-2.121,115.876,661,351,0.936,1,Single-storey,35.49,3.55,True,-1.0,,,,,,,,,,,,False,False,3D_inventory_only,True
IN3D-01-0129,1,129,112.97,132.226,113.56,5.0,568.28,93.79,1.99,113.166,132.733,1410,514,0.826,2,Low-rise,70.34,7.03,True,-1.0,,,,,,,,,,,,False,False,3D_inventory_only,True
IN3D-01-0130,1,130,33.998,117.726,35.07,4.93,173.0,29.52,1.79,33.352,117.711,753,227,0.842,2,Low-rise,22.14,2.21,True,-1.0,,,,,,,,,,,,False,False,3D_inventory_only,True
IN3D-01-0131,1,131,37.075,132.175,59.78,5.11,305.55,49.66,2.67,36.3,133.197,792,256,0.831,2,Low-rise,37.24,3.72,True,-1.0,,,,,,,,,,,,False,False,3D_inventory_only,True
IN3D-01-0132,1,132,-58.732,110.178,130.77,6.31,824.64,83.23,0.48,-59.314,108.347,1936,431,0.636,2,Low-rise,62.42,6.24,True,-1.0,,,,,,,,,,,,False,False,3D_inventory_only,True
IN3D-01-0133,1,133,-27.773,-136.714,46.53,3.43,159.61,29.34,1.83,-28.794,-137.026,614,252,0.631,1,Single-storey,22.0,2.2,True,-1.0,,,,,,,,,,,,False,False,3D_inventory_only,True
IN3D-01-0134,1,134,10.052,-95.378,53.46,3.6,192.32,51.19,0.74,10.522,-95.812,682,339,0.958,1,Single-storey,38.39,3.84,True,-1.0,,,,,,,,,,,,False,False,3D_inventory_only,True
IN3D-01-0135,1,135,29.76,85.227,29.62,5.57,164.85,28.94,2.5,30.372,85.492,560,243,0.977,2,Low-rise,21.7,2.17,True,-1.0,,,,,,,,,,,,False,False,3D_inventory_only,True
IN3D-01-0136,1,136,-13.813,-122.179,66.74,8.06,538.11,60.7,2.16,-14.327,-120.578,1008,439,0.909,3,Mid-rise,45.53,4.55,True,-1.0,,,,,,,,,,,,False,False,3D_inventory_only,True
IN3D-01-0137,1,137,28.636,69.793,48.04,7.3,350.92,32.7,1.29,27.051,69.827,1290,140,0.681,2,Low-rise,24.52,2.45,True,-1.0,,,,,,,,,,,,False,False,3D_inventory_only,True
IN3D-01-0138,1,138,-0.338,17.92,49.68,5.29,262.72,45.49,2.3,-0.393,18.027,952,347,0.916,2,Low-rise,34.12,3.41,True,-1.0,,,,,,,,,,,,False,False,3D_inventory_only,True
IN3D-01-0139,1,139,-19.403,-11.544,151.56,15.72,2382.9,129.76,5.45,-18.295,-12.483,5622,1444,0.856,5,High-rise,97.32,9.73,True,-1.0,,,,,,,,,,,,False,False,3D_inventory_only,True
IN3D-01-0140,1,140,66.09,34.994,89.74,8.73,783.75,79.71,1.02,67.311,34.035,2103,830,0.888,3,Mid-rise,59.78,5.98,True,-1.0,,,,,,,,,,,,False,False,3D_inventory_only,True
IN3D-01-0141,1,141,75.72,41.02,152.99,16.53,2528.87,133.01,4.06,75.51,42.213,7653,1639,0.869,6,High-rise,99.76,9.98,True,-1.0,,,,,,,,,,,,False,False,3D_inventory_only,True
IN3D-01-0142,1,142,14.031,132.433,183.45,16.65,3054.06,123.13,5.66,13.502,134.413,5869,1686,0.671,6,High-rise,92.35,9.24,True,-1.0,,,,,,,,,,,,False,False,3D_inventory_only,True
IN3D-01-0143,1,143,-64.792,137.04,156.26,16.9,2641.41,134.2,2.95,-65.328,138.351,5147,1729,0.859,6,High-rise,100.65,10.07,True,-1.0,,,,,,,,,,,,False,False,3D_inventory_only,True
IN3D-01-0144,1,144,40.496,-24.433,144.87,16.73,2424.34,114.58,2.89,40.546,-24.039,7960,1138,0.791,6,High-rise,85.94,8.59,True,-1.0,,,,,,,,,,,,False,False,3D_inventory_only,True
IN3D-01-0145,1,145,-32.238,97.666,131.48,17.64,2319.48,125.38,4.92,-32.817,97.551,6392,1510,0.954,6,High-rise,94.04,9.4,True,-1.0,,,,,,,,,,,,False,False,3D_inventory_only,True
IN3D-01-0146,1,146,-29.395,-155.65,95.17,19.81,1885.13,78.84,18.33,-29.365,-156.345,2939,1544,0.828,7,High-rise,59.13,5.91,True,-1.0,,,,,,,,,,,,False,False,3D_inventory_only,True
IN3D-01-0147,1,147,-34.134,-96.037,15.06,3.47,52.25,13.93,0.44,-34.599,-95.724,386,137,0.925,1,Single-storey,10.45,1.04,True,-1.0,,,,,,,,,,,,False,False,3D_inventory_only,True
IN3D-01-0148,1,148,86.357,117.949,52.02,5.19,269.95,48.06,1.82,86.474,118.839,723,383,0.924,2,Low-rise,36.04,3.6,True,-1.0,,,,,,,,,,,,False,False,3D_inventory_only,True
IN3D-01-0149,1,149,106.314,21.961,40.68,5.04,204.98,36.54,2.66,105.892,22.215,787,284,0.898,2,Low-rise,27.4,2.74,True,-1.0,,,,,,,,,,,,False,False,3D_inventory_only,True
IN3D-01-0150,1,150,-30.243,-146.107,103.95,4.35,452.45,90.24,1.69,-28.861,-145.841,1072,416,0.868,1,Low-rise,67.68,6.77,True,-1.0,,,,,,,,,,,,False,False,3D_inventory_only,True
IN3D-01-0151,1,151,-23.191,-38.562,81.28,6.0,487.31,61.42,3.31,-22.926,-38.244,695,331,0.756,2,Low-rise,46.06,4.61,True,-1.0,,,,,,,,,,,,False,False,3D_inventory_only,True
IN3D-01-0152,1,152,-19.84,-128.65,44.21,4.82,213.27,38.25,2.2,-20.217,-128.578,775,454,0.865,2,Low-rise,28.69,2.87,True,-1.0,,,,,,,,,,,,False,False,3D_inventory_only,True
IN3D-01-0153,1,153,30.364,64.082,91.04,5.63,512.88,81.6,0.65,29.99,64.694,1357,512,0.896,2,Low-rise,61.2,6.12,True,-1.0,,,,,,,,,,,,False,False,3D_inventory_only,True
IN3D-01-0154,1,154,77.358,118.608,86.2,5.82,501.4,62.42,2.54,76.301,119.337,999,400,0.724,2,Low-rise,46.82,4.68,True,-1.0,,,,,,,,,,,,False,False,3D_inventory_only,True
IN3D-01-0155,1,155,113.17,64.866,39.52,8.54,337.4,34.89,2.11,112.967,65.113,764,283,0.883,3,Mid-rise,26.17,2.62,True,-1.0,,,,,,,,,,,,False,False,3D_inventory_only,True
IN3D-01-0156,1,156,-85.339,-80.35,43.49,5.51,239.77,39.14,0.36,-85.257,-80.785,1073,243,0.9,2,Low-rise,29.36,2.94,True,-1.0,,,,,,,,,,,,False,False,3D_inventory_only,True
IN3D-01-0157,1,157,40.862,132.976,24.65,3.44,84.9,20.6,1.26,40.589,133.73,381,132,0.836,1,Single-storey,15.45,1.54,True,-1.0,,,,,,,,,,,,False,False,3D_inventory_only,True
IN3D-01-0158,1,158,-54.251,85.215,73.09,6.61,483.04,66.24,4.14,-54.469,85.41,1251,449,0.906,2,Low-rise,49.68,4.97,True,-1.0,,,,,,,,,,,,False,False,3D_inventory_only,True
IN3D-01-0159,1,159,34.796,-4.736,83.38,15.12,1260.94,65.28,0.93,33.049,-4.45,4555,332,0.783,5,High-rise,48.96,4.9,True,-1.0,,,,,,,,,,,,False,False,3D_inventory_only,True
IN3D-01-0160,1,160,28.385,130.501,143.29,18.86,2702.05,124.5,2.92,27.554,132.315,5274,1295,0.869,6,High-rise,93.38,9.34,True,-1.0,,,,,,,,,,,,False,False,3D_inventory_only,True
IN3D-01-0161,1,161,114.065,115.152,72.63,8.05,584.35,46.79,0.42,113.559,115.619,1517,354,0.644,3,Mid-rise,35.09,3.51,True,-1.0,,,,,,,,,,,,False,False,3D_inventory_only,True
IN3D-01-0162,1,162,-0.494,130.062,174.96,14.93,2612.43,121.4,3.69,0.667,132.462,4146,990,0.694,5,Mid-rise,91.05,9.1,True,-1.0,,,,,,,,,,,,False,False,3D_inventory_only,True
IN3D-01-0163,1,163,-0.193,142.49,100.82,10.33,1041.63,52.88,3.85,1.109,141.551,1750,967,0.524,3,Mid-rise,39.66,3.97,True,-1.0,,,,,,,,,,,,False,False,3D_inventory_only,True
IN3D-01-0164,1,164,78.233,-29.513,126.85,6.69,848.98,104.45,4.96,79.266,-28.679,2389,765,0.823,2,Low-rise,78.34,7.83,True,-1.0,,,,,,,,,,,,False,False,3D_inventory_only,True
IN3D-01-0165,1,165,-45.85,-139.893,58.83,5.33,313.32,51.34,1.98,-45.632,-138.479,655,242,0.873,2,Low-rise,38.51,3.85,True,-1.0,,,,,,,,,,,,False,False,3D_inventory_only,True
IN3D-01-0166,1,166,-56.785,-115.04,35.76,4.32,154.35,33.81,0.6,-56.761,-113.8,529,203,0.945,1,Low-rise,25.36,2.54,True,-1.0,,,,,,,,,,,,False,False,3D_inventory_only,True
IN3D-01-0167,1,167,81.372,-107.785,17.73,5.05,89.5,13.36,1.72,81.447,-107.415,476,202,0.754,2,Low-rise,10.02,1.0,True,-1.0,,,,,,,,,,,,False,False,3D_inventory_only,True
IN3D-01-0168,1,168,-59.947,-46.602,120.67,4.41,532.43,102.21,1.72,-61.19,-46.015,1216,669,0.847,1,Low-rise,76.66,7.67,True,-1.0,,,,,,,,,,,,False,False,3D_inventory_only,True
IN3D-01-0169,1,169,62.265,-6.412,30.73,3.91,120.14,25.2,1.92,62.214,-6.798,294,127,0.82,1,Single-storey,18.9,1.89,True,-1.0,,,,,,,,,,,,False,False,3D_inventory_only,True
IN3D-01-0170,1,170,18.642,109.844,33.04,4.15,137.18,23.89,2.84,18.39,110.477,1080,445,0.723,1,Low-rise,17.92,1.79,True,-1.0,,,,,,,,,,,,False,False,3D_inventory_only,True
IN3D-01-0171,1,171,68.504,16.79,22.75,5.24,119.2,16.93,1.07,68.007,16.743,863,364,0.744,2,Low-rise,12.7,1.27,True,-1.0,,,,,,,,,,,,False,False,3D_inventory_only,True
IN3D-01-0172,1,172,80.224,22.025,40.04,2.88,115.25,31.28,2.09,80.169,21.924,637,298,0.781,1,Single-storey,23.46,2.35,True,-1.0,,,,,,,,,,,,False,False,3D_inventory_only,True
IN3D-01-0173,1,173,108.761,25.103,35.88,4.27,153.32,28.25,2.17,108.226,24.803,662,215,0.787,1,Low-rise,21.19,2.12,True,-1.0,,,,,,,,,,,,False,False,3D_inventory_only,True
IN3D-01-0174,1,174,21.691,10.534,30.49,2.96,90.22,26.72,1.35,21.574,10.383,386,231,0.876,1,Single-storey,20.04,2.0,True,-1.0,,,,,,,,,,,,False,False,3D_inventory_only,True
IN3D-01-0175,1,175,84.813,65.359,90.73,3.86,350.44,81.15,2.15,84.794,65.812,1040,479,0.894,1,Single-storey,60.86,6.09,True,-1.0,,,,,,,,,,,,False,False,3D_inventory_only,True
IN3D-01-0176,1,176,57.14,18.393,118.7,13.41,1591.81,107.11,2.53,56.918,19.862,4835,1466,0.902,4,Mid-rise,80.33,8.03,True,-1.0,,,,,,,,,,,,False,False,3D_inventory_only,True
IN3D-01-0177,1,177,49.782,16.37,19.59,4.48,87.77,16.97,1.57,50.323,16.428,393,141,0.866,1,Low-rise,12.73,1.27,True,-1.0,,,,,,,,,,,,False,False,3D_inventory_only,True
IN3D-01-0178,1,178,-19.528,-152.655,90.11,4.4,396.73,60.81,2.32,-18.596,-152.487,939,477,0.675,1,Low-rise,45.61,4.56,True,-1.0,,,,,,,,,,,,False,False,3D_inventory_only,True
IN3D-01-0179,1,179,-9.803,-147.905,44.15,4.34,191.44,40.37,1.99,-10.797,-148.681,715,392,0.914,1,Low-rise,30.28,3.03,True,-1.0,,,,,,,,,,,,False,False,3D_inventory_only,True
IN3D-01-0180,1,180,-17.036,-132.524,23.52,2.97,69.86,18.65,0.87,-17.174,-132.148,422,158,0.793,1,Single-storey,13.99,1.4,True,-1.0,,,,,,,,,,,,False,False,3D_inventory_only,True
IN3D-01-0181,1,181,17.986,-94.666,34.9,3.9,135.95,33.04,1.15,17.188,-94.226,404,199,0.947,1,Single-storey,24.78,2.48,True,-1.0,,,,,,,,,,,,False,False,3D_inventory_only,True
IN3D-01-0182,1,182,90.693,112.747,28.9,3.91,113.0,25.14,1.49,90.056,113.146,474,249,0.87,1,Single-storey,18.86,1.89,True,-1.0,,,,,,,,,,,,False,False,3D_inventory_only,True
IN3D-01-0183,1,183,83.132,123.808,29.38,3.84,112.67,21.34,2.28,83.466,123.867,226,138,0.726,1,Single-storey,16.0,1.6,True,-1.0,,,,,,,,,,,,False,False,3D_inventory_only,True
IN3D-01-0184,1,184,79.362,127.822,56.58,3.59,203.35,0.0,,,,680,0,0.0,1,Single-storey,0.0,0.0,True,-1.0,,,,,,,,,,,,False,False,3D_inventory_only,True
IN3D-02-0000,2,0,-24.42,-147.774,204.62,15.04,3077.29,169.22,4.82,-23.109,-147.396,4893,2056,0.827,5,High-rise,126.92,12.69,True,-1.0,,,,,,,,,,,,False,False,3D_inventory_only,True
IN3D-02-0001,2,1,-15.322,-112.1,166.23,13.01,2163.22,139.92,2.94,-14.842,-111.511,6048,2755,0.842,4,Mid-rise,104.94,10.49,True,-1.0,,,,,,,,,,,,False,False,3D_inventory_only,True
IN3D-02-0002,2,2,37.265,-143.146,198.72,14.03,2787.78,163.12,2.69,37.35,-144.137,7062,2287,0.821,5,Mid-rise,122.34,12.23,True,-1.0,,,,,,,,,,,,False,False,3D_inventory_only,True
IN3D-02-0003,2,3,-54.243,-111.997,196.08,13.51,2648.17,157.35,3.18,-54.462,-112.152,6961,3660,0.802,5,Mid-rise,118.01,11.8,True,-1.0,,,,,,,,,,,,False,False,3D_inventory_only,True
IN3D-02-0004,2,4,-22.444,-127.748,185.74,14.48,2689.04,164.15,3.57,-22.401,-127.83,6525,3048,0.884,5,Mid-rise,123.11,12.31,True,-1.0,,,,,,,,,,,,False,False,3D_inventory_only,True
IN3D-02-0005,2,5,-18.521,-29.723,214.76,20.84,4476.11,191.45,14.73,-18.785,-29.936,9570,2817,0.891,7,High-rise,143.59,14.36,True,-1.0,,,,,,,,,,,,False,False,3D_inventory_only,True
IN3D-02-0006,2,6,-17.439,-45.806,217.89,9.69,2112.25,179.22,3.29,-16.18,-44.603,4519,1529,0.823,3,Mid-rise,134.42,13.44,True,-1.0,,,,,,,,,,,,False,False,3D_inventory_only,True
IN3D-02-0007,2,7,1.856,-148.303,175.42,14.56,2554.56,153.35,3.64,2.504,-147.877,4620,1850,0.874,5,Mid-rise,115.01,11.5,True,-1.0,,,,,,,,,,,,False,False,3D_inventory_only,True
IN3D-02-0008,2,8,-69.647,11.086,128.05,14.05,1799.61,106.02,4.76,-69.86,11.876,5108,2569,0.828,5,Mid-rise,79.52,7.95,True,-1.0,,,,,,,,,,,,False,False,3D_inventory_only,True
IN3D-02-0009,2,9,42.047,-161.519,177.52,13.54,2402.95,140.59,3.34,42.594,-162.311,4538,1709,0.792,5,Mid-rise,105.44,10.54,True,-1.0,,,,,,,,,,,,False,False,3D_inventory_only,True
IN3D-02-0010,2,10,-45.504,8.268,121.41,12.92,1568.87,102.51,3.32,-45.1,8.453,3812,1735,0.844,4,Mid-rise,76.88,7.69,True,-1.0,,,,,,,,,,,,False,False,3D_inventory_only,True
IN3D-02-0011,2,11,-137.264,-64.16,269.64,13.96,3764.93,232.31,4.05,-137.627,-64.523,4819,3391,0.862,5,Mid-rise,174.23,17.42,True,-1.0,,,,,,,,,,,,False,False,3D_inventory_only,True
IN3D-02-0012,2,12,22.905,-227.61,156.27,12.96,2024.66,125.0,2.98,22.695,-227.679,4172,1924,0.8,4,Mid-rise,93.75,9.38,True,-1.0,,,,,,,,,,,,False,False,3D_inventory_only,True
IN3D-02-0013,2,13,19.117,-137.521,204.04,13.61,2776.12,187.8,3.63,18.721,-137.063,7396,2986,0.92,5,Mid-rise,140.85,14.08,True,-1.0,,,,,,,,,,,,False,False,3D_inventory_only,True
IN3D-02-0014,2,14,4.02,-16.544,97.02,11.2,1086.68,86.14,2.81,4.106,-15.884,2654,834,0.888,4,Mid-rise,64.6,6.46,True,-1.0,,,,,,,,,,,,False,False,3D_inventory_only,True
IN3D-02-0015,2,15,10.278,-110.42,194.73,13.14,2559.03,129.32,3.14,10.107,-110.961,5163,2004,0.664,4,Mid-rise,96.99,9.7,True,-1.0,,,,,,,,,,,,False,False,3D_inventory_only,True
IN3D-02-0016,2,16,-42.475,-124.296,172.03,13.24,2278.36,147.47,3.52,-42.447,-124.322,5600,3010,0.857,4,Mid-rise,110.6,11.06,True,-1.0,,,,,,,,,,,,False,False,3D_inventory_only,True
IN3D-02-0017,2,17,25.807,-124.082,125.4,7.28,912.68,88.68,2.13,26.231,-124.446,1910,773,0.707,2,Low-rise,66.51,6.65,True,-1.0,,,,,,,,,,,,False,False,3D_inventory_only,True
IN3D-02-0018,2,18,-28.708,-62.58,201.65,13.87,2797.43,174.9,6.57,-29.126,-62.136,6003,2809,0.867,5,Mid-rise,131.18,13.12,True,-1.0,,,,,,,,,,,,False,False,3D_inventory_only,True
IN3D-02-0019,2,19,-83.067,-87.442,182.77,13.78,2519.18,134.48,2.65,-83.698,-87.442,4572,2154,0.736,5,Mid-rise,100.86,10.09,True,-1.0,,,,,,,,,,,,False,False,3D_inventory_only,True
IN3D-02-0020,2,20,62.173,-165.793,202.68,15.44,3129.53,192.61,9.39,62.811,-167.306,6832,2638,0.95,5,High-rise,144.46,14.45,True,-1.0,,,,,,,,,,,,False,False,3D_inventory_only,True
IN3D-02-0021,2,21,-48.551,-13.62,275.03,16.27,4475.53,214.82,3.7,-48.83,-13.56,11238,3692,0.781,5,High-rise,161.12,16.11,True,-1.0,,,,,,,,,,,,False,False,3D_inventory_only,True
IN3D-02-0022,2,22,-28.695,-104.506,156.33,14.01,2189.77,145.31,10.66,-28.843,-103.354,6367,3691,0.93,5,Mid-rise,108.98,10.9,True,-1.0,,,,,,,,,,,,False,False,3D_inventory_only,True
IN3D-02-0023,2,23,85.121,-200.748,93.21,18.74,1746.63,69.99,3.28,85.875,-200.478,2728,1202,0.751,6,High-rise,52.49,5.25,True,-1.0,,,,,,,,,,,,False,False,3D_inventory_only,True
IN3D-02-0024,2,24,-43.687,-95.658,275.38,14.35,3950.39,257.49,10.6,-43.414,-94.26,9806,4853,0.935,5,Mid-rise,193.12,19.31,True,-1.0,,,,,,,,,,,,False,False,3D_inventory_only,True
IN3D-02-0025,2,25,9.101,-88.236,106.05,11.58,1228.15,97.67,4.33,8.961,-87.924,3262,1877,0.921,4,Mid-rise,73.25,7.32,True,-1.0,,,,,,,,,,,,False,False,3D_inventory_only,True
IN3D-02-0026,2,26,71.166,-174.289,164.32,13.45,2209.34,151.53,9.77,71.139,-173.918,3151,1877,0.922,4,Mid-rise,113.65,11.36,True,-1.0,,,,,,,,,,,,False,False,3D_inventory_only,True
IN3D-02-0027,2,27,-7.41,-98.542,176.58,13.89,2452.5,140.94,3.49,-7.04,-99.124,7171,2202,0.798,5,Mid-rise,105.7,10.57,True,-1.0,,,,,,,,,,,,False,False,3D_inventory_only,True
IN3D-02-0028,2,28,-107.256,-97.501,171.9,18.69,3212.92,146.4,3.98,-108.883,-96.969,5262,2637,0.852,6,High-rise,109.8,10.98,True,-1.0,,,,,,,,,,,,False,False,3D_inventory_only,True
IN3D-02-0029,2,29,52.509,-128.197,160.09,17.45,2794.15,142.05,4.16,53.03,-128.544,6205,2283,0.887,6,High-rise,106.54,10.65,True,-1.0,,,,,,,,,,,,False,False,3D_inventory_only,True
IN3D-02-0030,2,30,48.174,-183.107,316.67,15.8,5002.66,286.21,4.45,50.091,-183.555,9712,4149,0.904,5,High-rise,214.66,21.47,True,-1.0,,,,,,,,,,,,False,False,3D_inventory_only,True
IN3D-02-0031,2,31,74.098,-141.857,193.8,16.15,3130.0,156.85,3.65,75.144,-140.982,7667,3229,0.809,5,High-rise,117.64,11.76,True,-1.0,,,,,,,,,,,,False,False,3D_inventory_only,True
IN3D-02-0032,2,32,-71.661,-97.967,205.08,18.65,3824.75,166.87,10.05,-71.883,-98.281,6453,3300,0.814,6,High-rise,125.15,12.52,True,-1.0,,,,,,,,,,,,False,False,3D_inventory_only,True
IN3D-02-0033,2,33,-61.405,-9.98,151.73,7.34,1113.44,137.35,2.31,-60.771,-10.807,3079,1931,0.905,2,Low-rise,103.01,10.3,True,-1.0,,,,,,,,,,,,False,False,3D_inventory_only,True
IN3D-02-0034,2,34,-34.932,-176.014,143.77,16.16,2322.62,121.5,5.56,-35.069,-175.856,4189,1558,0.845,5,High-rise,91.12,9.11,True,-1.0,,,,,,,,,,,,False,False,3D_inventory_only,True
IN3D-02-0035,2,35,-117.085,-83.25,331.18,17.75,5879.62,272.62,6.36,-118.672,-85.252,6667,3830,0.823,6,High-rise,204.46,20.45,True,-1.0,,,,,,,,,,,,False,False,3D_inventory_only,True
IN3D-02-0036,2,36,-1.755,-1.421,108.27,7.85,849.69,95.62,2.39,-1.573,-0.638,1619,626,0.883,3,Low-rise,71.72,7.17,True,-1.0,,,,,,,,,,,,False,False,3D_inventory_only,True
IN3D-02-0037,2,37,87.244,-128.566,232.15,16.58,3848.9,168.67,7.38,86.664,-129.471,7316,2492,0.727,6,High-rise,126.5,12.65,True,-1.0,,,,,,,,,,,,False,False,3D_inventory_only,True
IN3D-02-0038,2,38,35.473,-84.541,171.12,11.79,2017.09,140.77,3.17,35.755,-84.798,4603,1848,0.823,4,Mid-rise,105.58,10.56,True,-1.0,,,,,,,,,,,,False,False,3D_inventory_only,True
IN3D-02-0039,2,39,-7.506,-58.953,176.4,13.94,2458.66,93.87,9.54,-7.593,-58.672,4337,1465,0.532,5,Mid-rise,70.4,7.04,True,-1.0,,,,,,,,,,,,False,False,3D_inventory_only,True
IN3D-02-0040,2,40,70.816,-114.446,194.52,16.36,3182.1,153.07,12.12,70.694,-114.574,5912,1561,0.787,5,High-rise,114.8,11.48,True,-1.0,,,,,,,,,,,,False,False,3D_inventory_only,True
IN3D-02-0041,2,41,-28.075,21.052,165.13,15.61,2577.11,154.1,13.29,-27.394,21.277,4586,1734,0.933,5,High-rise,115.57,11.56,True,-1.0,,,,,,,,,,,,False,False,3D_inventory_only,True
IN3D-02-0042,2,42,70.869,-95.442,137.68,13.71,1888.14,120.2,3.62,72.157,-96.996,4254,1372,0.873,5,Mid-rise,90.15,9.02,True,-1.0,,,,,,,,,,,,False,False,3D_inventory_only,True
IN3D-02-0043,2,43,-82.925,-140.56,142.52,5.09,724.9,99.63,3.61,-83.002,-140.957,982,582,0.699,2,Low-rise,74.72,7.47,True,-1.0,,,,,,,,,,,,False,False,3D_inventory_only,True
IN3D-02-0044,2,44,-87.619,-6.057,107.8,9.51,1025.23,83.87,3.11,-87.583,-5.955,2108,1435,0.778,3,Mid-rise,62.9,6.29,True,-1.0,,,,,,,,,,,,False,False,3D_inventory_only,True
IN3D-02-0045,2,45,-64.816,-141.638,194.68,19.69,3832.63,162.56,4.49,-64.612,-142.876,7053,3384,0.835,7,High-rise,121.92,12.19,True,-1.0,,,,,,,,,,,,False,False,3D_inventory_only,True
IN3D-02-0046,2,46,-78.635,-40.121,160.76,16.7,2685.19,130.35,10.29,-78.432,-39.385,4323,1049,0.811,6,High-rise,97.76,9.78,True,-1.0,,,,,,,,,,,,False,False,3D_inventory_only,True
IN3D-02-0047,2,47,-53.118,23.934,96.74,12.67,1225.63,78.19,2.86,-52.719,24.09,2808,1037,0.808,4,Mid-rise,58.64,5.86,True,-1.0,,,,,,,,,,,,False,False,3D_inventory_only,True
IN3D-02-0048,2,48,-107.707,-31.185,147.31,14.14,2083.3,130.52,3.69,-109.98,-30.933,3252,1302,0.886,5,Mid-rise,97.89,9.79,True,-1.0,,,,,,,,,,,,False,False,3D_inventory_only,True
IN3D-02-0049,2,49,62.741,-191.849,164.44,15.07,2477.51,146.07,5.72,62.755,-192.178,3615,1421,0.888,5,High-rise,109.55,10.96,True,-1.0,,,,,,,,,,,,False,False,3D_inventory_only,True
IN3D-02-0050,2,50,59.06,-69.436,169.27,19.02,3220.06,134.93,4.73,60.359,-68.731,8401,2336,0.797,6,High-rise,101.2,10.12,True,-1.0,,,,,,,,,,,,False,False,3D_inventory_only,True
IN3D-02-0051,2,51,0.015,-82.868,129.82,11.96,1553.07,104.46,4.49,0.322,-82.805,4352,2049,0.805,4,Mid-rise,78.34,7.83,True,-1.0,,,,,,,,,,,,False,False,3D_inventory_only,True
IN3D-02-0052,2,52,13.084,-168.926,183.21,14.73,2698.48,168.72,3.89,12.609,-170.554,5064,1560,0.921,5,Mid-rise,126.54,12.65,True,-1.0,,,,,,,,,,,,False,False,3D_inventory_only,True
IN3D-02-0053,2,53,-97.559,-66.654,135.8,11.08,1504.59,114.36,3.77,-98.815,-66.725,2148,1414,0.842,4,Mid-rise,85.77,8.58,True,-1.0,,,,,,,,,,,,False,False,3D_inventory_only,True
IN3D-02-0054,2,54,44.402,-62.961,167.33,19.44,3252.17,135.79,4.12,45.07,-63.15,9069,2913,0.812,6,High-rise,101.84,10.18,True,-1.0,,,,,,,,,,,,False,False,3D_inventory_only,True
IN3D-02-0055,2,55,66.98,-212.531,185.11,17.81,3297.01,157.08,5.71,67.755,-211.857,6125,1797,0.849,6,High-rise,117.81,11.78,True,-1.0,,,,,,,,,,,,False,False,3D_inventory_only,True
IN3D-02-0056,2,56,18.841,-187.508,157.43,15.35,2416.21,118.87,2.94,18.688,-188.325,4511,1094,0.755,5,High-rise,89.15,8.92,True,-1.0,,,,,,,,,,,,False,False,3D_inventory_only,True
IN3D-02-0057,2,57,-83.662,-125.169,160.03,12.8,2049.15,121.89,3.23,-84.382,-125.324,2891,1281,0.762,4,Mid-rise,91.42,9.14,True,-1.0,,,,,,,,,,,,False,False,3D_inventory_only,True
IN3D-02-0058,2,58,11.975,-64.286,192.11,17.27,3318.51,178.47,4.14,11.726,-63.676,9009,3083,0.929,6,High-rise,133.85,13.38,True,-1.0,,,,,,,,,,,,False,False,3D_inventory_only,True
IN3D-02-0059,2,59,-33.969,13.74,69.85,8.25,576.6,66.26,4.2,-33.666,14.175,1546,786,0.949,3,Mid-rise,49.7,4.97,True,-1.0,,,,,,,,,,,,False,False,3D_inventory_only,True
IN3D-02-0060,2,60,-6.898,-163.788,161.99,15.8,2559.98,114.54,4.02,-6.203,-164.761,5375,1235,0.707,5,High-rise,85.9,8.59,True,-1.0,,,,,,,,,,,,False,False,3D_inventory_only,True
IN3D-02-0061,2,61,33.782,-240.597,157.38,13.31,2094.72,129.57,3.5,33.919,-240.831,3169,1566,0.823,4,Mid-rise,97.18,9.72,True,-1.0,,,,,,,,,,,,False,False,3D_inventory_only,True
IN3D-02-0062,2,62,-39.662,-108.287,92.61,7.54,697.91,57.75,1.7,-39.394,-107.933,982,730,0.624,3,Low-rise,43.31,4.33,True,-1.0,,,,,,,,,,,,False,False,3D_inventory_only,True
IN3D-02-0063,2,63,111.217,-126.307,127.3,12.26,1561.15,111.48,9.24,110.945,-126.457,3365,1069,0.876,4,Mid-rise,83.61,8.36,True,-1.0,,,,,,,,,,,,False,False,3D_inventory_only,True
IN3D-02-0064,2,64,-104.976,-60.508,127.12,15.62,1985.0,99.21,8.49,-105.829,-60.984,2658,1353,0.78,5,High-rise,74.41,7.44,True,-1.0,,,,,,,,,,,,False,False,3D_inventory_only,True
IN3D-02-0065,2,65,22.104,-249.014,145.45,11.86,1725.63,122.25,3.69,21.616,-248.943,3036,1860,0.84,4,Mid-rise,91.69,9.17,True,-1.0,,,,,,,,,,,,False,False,3D_inventory_only,True
IN3D-02-0066,2,66,70.098,-79.603,108.81,8.12,883.43,76.14,2.68,70.998,-79.123,1752,533,0.7,3,Mid-rise,57.1,5.71,True,-1.0,,,,,,,,,,,,False,False,3D_inventory_only,True
IN3D-02-0067,2,67,5.636,-126.917,184.42,18.16,3349.69,145.99,3.72,6.294,-127.051,6601,1954,0.792,6,High-rise,109.49,10.95,True,-1.0,,,,,,,,,,,,False,False,3D_inventory_only,True
IN3D-02-0068,2,68,110.015,-148.254,168.42,15.95,2686.2,151.69,4.08,113.021,-150.03,3802,1133,0.901,5,High-rise,113.77,11.38,True,-1.0,,,,,,,,,,,,False,False,3D_inventory_only,True
IN3D-02-0069,2,69,-32.386,-3.522,287.48,16.57,4763.38,156.91,3.32,-33.386,-1.674,2934,1353,0.546,6,High-rise,117.68,11.77,True,-1.0,,,,,,,,,,,,False,False,3D_inventory_only,True
IN3D-02-0070,2,70,16.596,-32.029,159.33,15.94,2539.24,143.82,4.45,17.033,-31.533,4768,1721,0.903,5,High-rise,107.86,10.79,True,-1.0,,,,,,,,,,,,False,False,3D_inventory_only,True
IN3D-02-0071,2,71,-78.815,-8.393,83.35,8.98,748.63,68.14,2.28,-79.16,-7.889,2557,1327,0.818,3,Mid-rise,51.1,5.11,True,-1.0,,,,,,,,,,,,False,False,3D_inventory_only,True
IN3D-02-0072,2,72,-34.096,32.948,85.96,5.8,498.64,83.02,2.61,-33.217,32.905,1173,577,0.966,2,Low-rise,62.26,6.23,True,-1.0,,,,,,,,,,,,False,False,3D_inventory_only,True
IN3D-02-0073,2,73,96.093,-188.225,152.98,14.75,2256.43,117.92,3.1,96.261,-188.683,3203,1810,0.771,5,Mid-rise,88.44,8.84,True,-1.0,,,,,,,,,,,,False,False,3D_inventory_only,True
IN3D-02-0074,2,74,46.253,-92.458,156.16,10.4,1623.64,124.99,3.22,45.356,-92.733,3856,1390,0.8,3,Mid-rise,93.74,9.37,True,-1.0,,,,,,,,,,,,False,False,3D_inventory_only,True
IN3D-02-0075,2,75,75.849,-196.427,145.82,12.29,1792.14,130.69,3.94,76.39,-197.769,2037,1242,0.896,4,Mid-rise,98.02,9.8,True,-1.0,,,,,,,,,,,,False,False,3D_inventory_only,True
IN3D-02-0076,2,76,27.28,-43.076,248.8,16.8,4180.66,216.02,5.49,27.844,-41.768,7826,3128,0.868,6,High-rise,162.02,16.2,True,-1.0,,,,,,,,,,,,False,False,3D_inventory_only,True
IN3D-02-0077,2,77,47.081,-228.868,209.1,20.2,4223.29,169.66,4.0,47.703,-229.836,7347,2316,0.811,7,High-rise,127.24,12.72,True,-1.0,,,,,,,,,,,,False,False,3D_inventory_only,True
IN3D-02-0078,2,78,-115.229,-110.24,105.1,4.21,442.21,100.63,2.78,-115.292,-110.111,858,796,0.957,1,Low-rise,75.47,7.55,True,-1.0,,,,,,,,,,,,False,False,3D_inventory_only,True
IN3D-02-0079,2,79,-125.856,-45.664,116.76,10.76,1256.79,98.67,3.7,-125.964,-45.3,1157,990,0.845,4,Mid-rise,74.0,7.4,True,-1.0,,,,,,,,,,,,False,False,3D_inventory_only,True
IN3D-02-0080,2,80,133.632,-140.806,195.0,21.46,4185.48,155.88,4.95,135.473,-139.458,6098,2792,0.799,7,High-rise,116.91,11.69,True,-1.0,,,,,,,,,,,,False,False,3D_inventory_only,True
IN3D-02-0081,2,81,83.252,-178.12,208.31,17.65,3676.78,169.57,1.87,83.011,-178.631,10133,2495,0.814,6,High-rise,127.18,12.72,True,-1.0,,,,,,,,,,,,False,False,3D_inventory_only,True
IN3D-02-0082,2,82,96.459,-98.536,110.2,15.06,1659.53,96.24,14.29,97.452,-98.469,3520,1313,0.873,5,High-rise,72.18,7.22,True,-1.0,,,,,,,,,,,,False,False,3D_inventory_only,True
IN3D-02-0083,2,83,-112.064,-47.429,247.85,20.79,5153.18,165.97,5.02,-113.07,-46.926,5206,1380,0.67,7,High-rise,124.48,12.45,True,-1.0,,,,,,,,,,,,False,False,3D_inventory_only,True
IN3D-02-0084,2,84,33.917,-112.616,189.97,10.61,2016.03,176.3,5.83,33.335,-112.305,3738,1190,0.928,4,Mid-rise,132.23,13.22,True,-1.0,,,,,,,,,,,,False,False,3D_inventory_only,True
IN3D-02-0085,2,85,105.51,-163.62,224.37,14.6,3275.44,161.77,3.33,106.067,-164.122,5998,2228,0.721,5,Mid-rise,121.33,12.13,True,-1.0,,,,,,,,,,,,False,False,3D_inventory_only,True
IN3D-02-0086,2,86,-11.408,-75.151,238.88,15.18,3625.8,184.73,11.85,-12.026,-74.534,7216,2757,0.773,5,High-rise,138.55,13.86,True,-1.0,,,,,,,,,,,,False,False,3D_inventory_only,True
IN3D-02-0087,2,87,61.258,-119.566,110.16,7.21,794.13,96.88,3.59,61.268,-119.729,961,565,0.879,2,Low-rise,72.66,7.27,True,-1.0,,,,,,,,,,,,False,False,3D_inventory_only,True
IN3D-02-0088,2,88,82.956,-87.932,80.86,8.39,678.14,56.38,2.22,83.313,-87.8,1331,496,0.697,3,Mid-rise,42.28,4.23,True,-1.0,,,,,,,,,,,,False,False,3D_inventory_only,True
IN3D-02-0089,2,89,-1.586,-51.029,74.54,6.12,455.96,69.65,2.63,-2.0,-50.502,987,636,0.934,2,Low-rise,52.24,5.22,True,-1.0,,,,,,,,,,,,False,False,3D_inventory_only,True
IN3D-02-0090,2,90,-42.056,20.138,112.84,5.47,616.74,104.76,4.27,-41.677,20.025,1236,1079,0.928,2,Low-rise,78.57,7.86,True,-1.0,,,,,,,,,,,,False,False,3D_inventory_only,True
IN3D-02-0091,2,91,-71.883,1.571,28.52,3.59,102.5,23.34,1.58,-73.041,2.156,600,289,0.818,1,Single-storey,17.5,1.75,True,-1.0,,,,,,,,,,,,False,False,3D_inventory_only,True
IN3D-02-0092,2,92,-57.329,15.285,79.33,5.96,472.9,64.91,3.18,-57.296,16.407,1151,654,0.818,2,Low-rise,48.68,4.87,True,-1.0,,,,,,,,,,,,False,False,3D_inventory_only,True
IN3D-02-0093,2,93,-35.28,-22.464,60.73,6.52,396.12,57.08,2.2,-36.251,-22.198,799,417,0.94,2,Low-rise,42.81,4.28,True,-1.0,,,,,,,,,,,,False,False,3D_inventory_only,True
IN3D-02-0094,2,94,-62.031,-54.556,41.3,4.06,167.76,39.17,1.69,-62.186,-55.091,572,394,0.948,1,Low-rise,29.38,2.94,True,-1.0,,,,,,,,,,,,False,False,3D_inventory_only,True
IN3D-02-0095,2,95,29.513,-60.978,61.69,4.96,306.16,59.66,2.09,29.3,-60.894,752,630,0.967,2,Low-rise,44.74,4.47,True,-1.0,,,,,,,,,,,,False,False,3D_inventory_only,True
IN3D-02-0096,2,96,14.882,-79.49,41.32,5.9,243.99,36.15,1.38,14.206,-79.366,673,401,0.875,2,Low-rise,27.11,2.71,True,-1.0,,,,,,,,,,,,False,False,3D_inventory_only,True
IN3D-02-0097,2,97,16.099,-97.804,53.63,5.52,296.02,52.74,2.21,15.782,-97.056,843,503,0.983,2,Low-rise,39.56,3.96,True,-1.0,,,,,,,,,,,,False,False,3D_inventory_only,True
IN3D-02-0098,2,98,-71.917,-132.691,59.27,5.11,302.87,54.85,2.61,-72.448,-133.095,596,434,0.925,2,Low-rise,41.14,4.11,True,-1.0,,,,,,,,,,,,False,False,3D_inventory_only,True
IN3D-02-0099,2,99,-90.911,-74.618,112.63,14.28,1607.88,98.97,5.66,-90.945,-74.16,2194,1155,0.879,5,Mid-rise,74.23,7.42,True,-1.0,,,,,,,,,,,,False,False,3D_inventory_only,True
IN3D-02-0100,2,100,-83.898,-51.29,42.9,7.23,310.04,39.06,1.9,-83.459,-51.145,983,528,0.91,2,Low-rise,29.3,2.93,True,-1.0,,,,,,,,,,,,False,False,3D_inventory_only,True
IN3D-02-0101,2,101,-88.766,-23.663,235.27,14.21,3342.45,194.79,11.77,-89.562,-23.136,5476,3424,0.828,5,Mid-rise,146.09,14.61,True,-1.0,,,,,,,,,,,,False,False,3D_inventory_only,True
IN3D-02-0102,2,102,-98.499,-16.324,95.97,14.44,1385.99,83.43,9.84,-98.2,-15.697,2043,1140,0.869,5,Mid-rise,62.57,6.26,True,-1.0,,,,,,,,,,,,False,False,3D_inventory_only,True
IN3D-02-0103,2,103,-46.667,34.237,84.91,6.56,557.3,81.99,3.03,-46.738,34.585,1326,1013,0.966,2,Low-rise,61.49,6.15,True,-1.0,,,,,,,,,,,,False,False,3D_inventory_only,True
IN3D-02-0104,2,104,-48.955,-40.411,462.87,21.97,10167.75,419.61,18.6,-50.125,-39.944,11788,4607,0.907,7,High-rise,314.71,31.47,True,-1.0,,,,,,,,,,,,False,False,3D_inventory_only,True
IN3D-02-0105,2,105,-11.853,1.89,75.82,9.54,722.96,67.09,2.64,-12.134,3.33,1732,559,0.885,3,Mid-rise,50.32,5.03,True,-1.0,,,,,,,,,,,,False,False,3D_inventory_only,True
IN3D-02-0106,2,106,-20.217,4.923,74.94,9.75,730.56,72.26,3.11,-19.827,4.886,2041,936,0.964,3,Mid-rise,54.2,5.42,True,-1.0,,,,,,,,,,,,False,False,3D_inventory_only,True
IN3D-02-0107,2,107,-71.07,-73.504,182.43,17.2,3137.51,160.36,14.08,-71.32,-73.571,3938,1735,0.879,6,High-rise,120.27,12.03,True,-1.0,,,,,,,,,,,,False,False,3D_inventory_only,True
IN3D-02-0108,2,108,-62.086,-85.393,81.56,3.38,276.07,72.75,1.21,-62.184,-84.912,1243,953,0.892,1,Single-storey,54.56,5.46,True,-1.0,,,,,,,,,,,,False,False,3D_inventory_only,True
IN3D-02-0109,2,109,-51.332,-70.838,558.43,17.41,9721.48,257.51,14.64,-50.474,-70.458,7012,2621,0.461,6,High-rise,193.13,19.31,True,-1.0,,,,,,,,,,,,False,False,3D_inventory_only,True
IN3D-02-0110,2,110,-46.502,-165.044,164.12,15.43,2531.93,139.48,12.89,-46.687,-164.985,3460,2301,0.85,5,High-rise,104.61,10.46,True,-1.0,,,,,,,,,,,,False,False,3D_inventory_only,True
IN3D-02-0111,2,111,-53.141,-155.029,182.45,15.59,2843.65,169.26,3.72,-52.946,-155.916,5216,2961,0.928,5,High-rise,126.94,12.69,True,-1.0,,,,,,,,,,,,False,False,3D_inventory_only,True
IN3D-02-0112,2,112,25.446,-205.982,341.43,16.31,5569.07,277.0,12.71,24.821,-205.527,7798,2147,0.811,5,High-rise,207.75,20.78,True,-1.0,,,,,,,,,,,,False,False,3D_inventory_only,True
IN3D-02-0113,2,113,101.977,-120.473,95.98,9.18,881.41,83.36,2.63,102.986,-120.189,1091,500,0.869,3,Mid-rise,62.52,6.25,True,-1.0,,,,,,,,,,,,False,False,3D_inventory_only,True
IN3D-02-0114,2,114,109.678,-113.152,44.42,7.88,349.97,36.28,1.56,109.336,-113.531,1053,417,0.817,3,Low-rise,27.21,2.72,True,-1.0,,,,,,,,,,,,False,False,3D_inventory_only,True
IN3D-02-0115,2,115,93.304,-108.906,237.96,11.45,2724.49,193.8,4.61,95.026,-110.052,3318,1887,0.814,4,Mid-rise,145.35,14.54,True,-1.0,,,,,,,,,,,,False,False,3D_inventory_only,True
IN3D-02-0116,2,116,47.578,-77.09,36.03,1.98,71.51,35.38,1.82,47.849,-76.816,333,297,0.982,1,Single-storey,26.54,2.65,True,-1.0,,,,,,,,,,,,False,False,3D_inventory_only,True
IN3D-02-0117,2,117,22.047,-54.526,68.08,4.44,302.49,54.66,1.14,22.741,-54.729,838,471,0.803,1,Low-rise,41.0,4.1,True,-1.0,,,,,,,,,,,,False,False,3D_inventory_only,True
IN3D-02-0118,2,118,-46.168,0.684,23.65,4.79,113.15,20.17,1.47,-45.192,0.431,633,325,0.853,2,Low-rise,15.13,1.51,True,-1.0,,,,,,,,,,,,False,False,3D_inventory_only,True
IN3D-03-0000,3,0,16.32,24.392,248.52,8.52,2118.0,228.42,7.45,15.315,23.351,1984,1137,0.919,3,Mid-rise,171.32,17.13,True,-1.0,,,,,,,,,,,,False,False,3D_inventory_only,True
IN3D-03-0001,3,1,-39.874,52.254,88.19,4.08,359.5,81.0,1.47,-40.854,52.897,666,366,0.918,1,Low-rise,60.75,6.08,True,-1.0,,,,,,,,,,,,False,False,3D_inventory_only,True
IN3D-03-0002,3,2,16.24,87.649,110.72,7.3,807.87,94.2,2.52,17.025,88.037,1010,487,0.851,2,Low-rise,70.65,7.06,True,-1.0,,,,,,,,,,,,False,False,3D_inventory_only,True
IN3D-03-0003,3,3,52.379,61.191,124.73,7.28,907.93,104.12,2.82,52.88,60.819,1281,548,0.835,2,Low-rise,78.09,7.81,True,9.0,0.1620281636714935,4632.799247176913,4063.3074312763774,IN3D-03-0003,3.0,52.379,61.191,4654.2238085536055,3981.5551699012017,84.51298166636128,0.1548701833363871,True,True,validated_2D_3D_match,True
IN3D-03-0004,3,4,7.791,15.121,136.39,13.72,1870.8,113.08,4.75,7.599,14.834,1680,633,0.829,5,Mid-rise,84.81,8.48,True,-1.0,,,,,,,,,,,,False,False,3D_inventory_only,True
IN3D-03-0005,3,5,5.241,36.638,173.07,9.43,1632.9,148.93,2.69,4.794,36.434,1317,755,0.861,3,Mid-rise,111.7,11.17,True,-1.0,,,,,,,,,,,,False,False,3D_inventory_only,True
IN3D-03-0006,3,6,-6.963,27.472,215.37,12.12,2611.01,153.4,5.28,-7.177,27.595,2381,762,0.712,4,Mid-rise,115.05,11.5,True,-1.0,,,,,,,,,,,,False,False,3D_inventory_only,True
IN3D-03-0007,3,7,-5.908,-2.952,169.39,13.94,2361.41,144.08,5.42,-5.28,-3.227,2139,716,0.851,5,Mid-rise,108.06,10.81,True,-1.0,,,,,,,,,,,,False,False,3D_inventory_only,True
IN3D-03-0008,3,8,4.147,77.969,131.27,9.26,1215.67,118.92,3.0,3.327,78.1,1604,593,0.906,3,Mid-rise,89.19,8.92,True,-1.0,,,,,,,,,,,,False,False,3D_inventory_only,True
IN3D-03-0009,3,9,-27.064,106.305,76.83,9.69,744.63,64.31,2.51,-27.956,107.267,908,356,0.837,3,Mid-rise,48.23,4.82,True,-1.0,,,,,,,,,,,,False,False,3D_inventory_only,True
IN3D-03-0010,3,10,-9.45,115.457,145.82,5.38,784.01,134.46,2.65,-9.583,116.175,772,640,0.922,2,Low-rise,100.84,10.08,True,-1.0,,,,,,,,,,,,False,False,3D_inventory_only,True
IN3D-03-0011,3,11,-51.803,89.785,108.82,7.49,815.23,68.79,2.16,-51.186,91.131,1148,346,0.632,2,Low-rise,51.59,5.16,True,-1.0,,,,,,,,,,,,False,False,3D_inventory_only,True
IN3D-03-0012,3,12,50.662,1.19,166.45,12.26,2040.8,144.44,3.07,50.163,0.98,2465,731,0.868,4,Mid-rise,108.33,10.83,True,-1.0,,,,,,,,,,,,False,False,3D_inventory_only,True
IN3D-03-0013,3,13,54.383,12.239,162.74,15.55,2530.75,122.83,3.84,53.51,12.407,2792,675,0.755,5,High-rise,92.12,9.21,True,-1.0,,,,,,,,,,,,False,False,3D_inventory_only,True
IN3D-03-0014,3,14,30.554,80.421,121.88,14.85,1810.35,102.12,3.67,31.037,79.991,1938,611,0.838,5,Mid-rise,76.59,7.66,True,-1.0,,,,,,,,,,,,False,False,3D_inventory_only,True
IN3D-03-0015,3,15,-8.873,-14.097,111.33,8.66,963.7,103.26,2.61,-8.56,-13.697,1503,560,0.928,3,Mid-rise,77.45,7.74,True,-1.0,,,,,,,,,,,,False,False,3D_inventory_only,True
IN3D-03-0016,3,16,38.267,32.21,180.48,8.31,1499.37,171.01,2.96,38.529,32.971,1739,931,0.948,3,Mid-rise,128.26,12.83,True,-1.0,,,,,,,,,,,,False,False,3D_inventory_only,True
IN3D-03-0017,3,17,65.882,34.454,187.98,13.19,2479.62,163.03,3.41,64.947,34.28,2893,851,0.867,4,Mid-rise,122.27,12.23,True,-1.0,,,,,,,,,,,,False,False,3D_inventory_only,True
IN3D-03-0018,3,18,25.091,67.754,87.0,10.41,905.95,81.01,2.71,24.497,68.728,1259,446,0.931,3,Mid-rise,60.76,6.08,True,-1.0,,,,,,,,,,,,False,False,3D_inventory_only,True
IN3D-03-0019,3,19,-43.264,83.016,157.67,8.13,1282.44,139.21,3.31,-42.672,84.041,1437,685,0.883,3,Mid-rise,104.41,10.44,True,-1.0,,,,,,,,,,,,False,False,3D_inventory_only,True
IN3D-03-0020,3,20,9.735,128.793,132.86,9.14,1214.64,99.9,3.02,9.552,129.285,1064,537,0.752,3,Mid-rise,74.93,7.49,True,-1.0,,,,,,,,,,,,False,False,3D_inventory_only,True
IN3D-03-0021,3,21,21.829,95.56,139.82,9.07,1267.93,114.57,2.93,21.47,94.933,1881,719,0.819,3,Mid-rise,85.93,8.59,True,-1.0,,,,,,,,,,,,False,False,3D_inventory_only,True
IN3D-03-0022,3,22,32.21,52.473,126.52,10.97,1387.92,107.75,2.7,32.672,52.283,2113,527,0.852,4,Mid-rise,80.81,8.08,True,-1.0,,,,,,,,,,,,False,False,3D_inventory_only,True
IN3D-03-0023,3,23,12.881,0.463,137.02,14.36,1967.55,94.05,3.38,12.168,0.478,2080,512,0.686,5,Mid-rise,70.54,7.05,True,-1.0,,,,,,,,,,,,False,False,3D_inventory_only,True
IN3D-03-0024,3,24,30.172,5.802,111.65,7.25,809.59,89.2,2.49,31.273,5.769,1130,498,0.799,2,Low-rise,66.9,6.69,True,-1.0,,,,,,,,,,,,False,False,3D_inventory_only,True
IN3D-03-0025,3,25,-12.405,43.668,84.22,6.76,569.37,63.37,2.32,-13.397,43.629,735,338,0.752,2,Low-rise,47.53,4.75,True,-1.0,,,,,,,,,,,,False,False,3D_inventory_only,True
IN3D-03-0026,3,26,-16.405,7.56,105.12,10.89,1145.07,93.77,3.45,-16.246,7.51,1670,592,0.892,4,Mid-rise,70.33,7.03,True,-1.0,,,,,,,,,,,,False,False,3D_inventory_only,True
IN3D-03-0027,3,27,22.658,125.094,119.87,11.77,1410.66,71.34,2.62,21.847,127.161,1139,388,0.595,4,Mid-rise,53.5,5.35,True,-1.0,,,,,,,,,,,,False,False,3D_inventory_only,True
IN3D-03-0028,3,28,-24.207,-13.926,127.25,9.33,1187.82,114.65,3.22,-24.833,-14.29,1461,700,0.901,3,Mid-rise,85.99,8.6,True,-1.0,,,,,,,,,,,,False,False,3D_inventory_only,True
IN3D-03-0029,3,29,-45.482,2.281,145.64,14.48,2108.95,132.47,4.52,-45.742,2.324,2896,803,0.91,5,Mid-rise,99.35,9.93,True,-1.0,,,,,,,,,,,,False,False,3D_inventory_only,True
IN3D-03-0030,3,30,-67.419,113.405,77.98,5.46,425.6,56.18,3.0,-67.33,113.832,602,283,0.72,2,Low-rise,42.14,4.21,True,-1.0,,,,,,,,,,,,False,False,3D_inventory_only,True
IN3D-03-0031,3,31,-71.266,138.302,97.64,7.04,687.02,78.22,2.07,-70.855,138.011,1132,428,0.801,2,Low-rise,58.66,5.87,True,-1.0,,,,,,,,,,,,False,False,3D_inventory_only,True
IN3D-03-0032,3,32,64.141,86.96,178.13,6.85,1220.3,123.99,2.53,64.225,87.17,1431,662,0.696,2,Low-rise,92.99,9.3,True,-1.0,,,,,,,,,,,,False,False,3D_inventory_only,True
IN3D-03-0033,3,33,2.211,95.52,170.2,16.36,2784.83,126.1,6.35,1.445,94.887,3190,780,0.741,5,High-rise,94.57,9.46,True,14.0,0.1500643342733383,3483.471966060065,4403.677637601875,IN3D-03-0033,33.0,2.211,95.52,3422.9993498205267,4422.176073585985,63.23867051664413,0.3676132948335587,True,True,validated_2D_3D_match,True
IN3D-03-0034,3,34,-18.975,-23.152,132.92,6.04,802.32,68.58,1.76,-20.7,-21.943,1177,395,0.516,2,Low-rise,51.44,5.14,True,-1.0,,,,,,,,,,,,False,False,3D_inventory_only,True
IN3D-03-0035,3,35,61.086,23.923,122.21,7.17,876.81,90.69,2.62,61.011,24.741,1146,489,0.742,2,Low-rise,68.02,6.8,True,-1.0,,,,,,,,,,,,False,False,3D_inventory_only,True
IN3D-03-0036,3,36,-31.859,72.397,115.29,9.52,1097.84,73.33,3.17,-30.869,72.045,1426,446,0.636,3,Mid-rise,55.0,5.5,True,-1.0,,,,,,,,,,,,False,False,3D_inventory_only,True
IN3D-03-0037,3,37,24.006,140.701,157.19,13.18,2071.84,111.67,3.68,23.294,140.585,2091,588,0.71,4,Mid-rise,83.75,8.38,True,-1.0,,,,,,,,,,,,False,False,3D_inventory_only,True
IN3D-03-0038,3,38,35.76,16.075,169.86,14.36,2438.8,141.08,4.67,36.743,15.588,2901,774,0.831,5,Mid-rise,105.81,10.58,True,-1.0,,,,,,,,,,,,False,False,3D_inventory_only,True
IN3D-03-0039,3,39,84.064,38.468,167.7,12.77,2141.29,137.7,2.5,83.725,38.383,3028,743,0.821,4,Mid-rise,103.28,10.33,True,-1.0,,,,,,,,,,,,False,False,3D_inventory_only,True
IN3D-03-0040,3,40,-82.937,23.069,126.73,6.91,875.68,104.95,3.48,-82.772,22.12,982,591,0.828,2,Low-rise,78.71,7.87,True,-1.0,,,,,,,,,,,,False,False,3D_inventory_only,True
IN3D-03-0041,3,41,27.342,109.028,153.1,7.59,1161.37,134.0,4.55,27.415,108.825,1683,762,0.875,3,Low-rise,100.5,10.05,True,-1.0,,,,,,,,,,,,False,False,3D_inventory_only,True
IN3D-03-0042,3,42,-11.685,16.425,118.68,7.04,835.3,111.46,3.76,-11.676,16.493,868,569,0.939,2,Low-rise,83.6,8.36,True,-1.0,,,,,,,,,,,,False,False,3D_inventory_only,True
IN3D-03-0043,3,43,-1.135,7.969,127.25,12.64,1607.79,106.32,3.2,1.287,6.925,1371,580,0.836,4,Mid-rise,79.74,7.97,True,-1.0,,,,,,,,,,,,False,False,3D_inventory_only,True
IN3D-03-0044,3,44,3.769,-21.21,146.83,13.4,1966.96,132.0,7.75,3.822,-21.328,2811,732,0.899,4,Mid-rise,99.0,9.9,True,-1.0,,,,,,,,,,,,False,False,3D_inventory_only,True
IN3D-03-0045,3,45,-25.061,61.62,127.03,10.59,1344.86,108.09,2.78,-24.891,61.168,1797,600,0.851,4,Mid-rise,81.07,8.11,True,-1.0,,,,,,,,,,,,False,False,3D_inventory_only,True
IN3D-03-0046,3,46,51.516,95.175,98.82,12.78,1262.59,75.1,4.03,52.216,95.399,1529,483,0.76,4,Mid-rise,56.32,5.63,True,-1.0,,,,,,,,,,,,False,False,3D_inventory_only,True
IN3D-03-0047,3,47,48.418,-10.381,170.5,14.54,2478.42,112.05,3.0,47.08,-10.099,2522,608,0.657,5,Mid-rise,84.04,8.4,True,-1.0,,,,,,,,,,,,False,False,3D_inventory_only,True
IN3D-03-0048,3,48,-29.392,121.223,156.74,6.95,1088.62,130.04,2.69,-28.732,121.344,1295,701,0.83,2,Low-rise,97.53,9.75,True,-1.0,,,,,,,,,,,,False,False,3D_inventory_only,True
IN3D-03-0049,3,49,55.937,149.049,104.99,8.08,847.95,92.75,3.55,55.19,148.655,1285,511,0.883,3,Mid-rise,69.56,6.96,True,-1.0,,,,,,,,,,,,False,False,3D_inventory_only,True
IN3D-03-0050,3,50,-14.342,123.87,77.36,5.61,434.0,67.12,2.49,-14.741,123.637,569,378,0.868,2,Low-rise,50.34,5.03,True,-1.0,,,,,,,,,,,,False,False,3D_inventory_only,True
IN3D-03-0051,3,51,14.754,75.818,68.78,4.55,313.24,55.18,2.2,15.521,74.734,493,287,0.802,2,Low-rise,41.38,4.14,True,-1.0,,,,,,,,,,,,False,False,3D_inventory_only,True
IN3D-03-0052,3,52,72.382,7.548,166.38,15.06,2505.14,150.07,3.8,73.09,7.251,3164,882,0.902,5,High-rise,112.55,11.26,True,-1.0,,,,,,,,,,,,False,False,3D_inventory_only,True
IN3D-03-0053,3,53,-56.522,128.438,77.0,5.36,412.77,66.78,2.35,-57.084,128.247,584,351,0.867,2,Low-rise,50.08,5.01,True,-1.0,,,,,,,,,,,,False,False,3D_inventory_only,True
IN3D-03-0054,3,54,26.026,165.534,137.76,10.17,1401.34,120.3,8.42,25.865,165.178,1561,646,0.873,3,Mid-rise,90.22,9.02,True,-1.0,,,,,,,,,,,,False,False,3D_inventory_only,True
IN3D-03-0055,3,55,80.605,81.014,173.11,7.0,1212.04,112.97,2.8,80.578,81.851,1404,580,0.653,2,Low-rise,84.73,8.47,True,-1.0,,,,,,,,,,,,False,False,3D_inventory_only,True
IN3D-03-0056,3,56,-48.06,137.231,82.08,5.44,446.31,67.23,3.56,-48.215,137.815,629,368,0.819,2,Low-rise,50.42,5.04,True,-1.0,,,,,,,,,,,,False,False,3D_inventory_only,True
IN3D-03-0057,3,57,-63.049,51.97,147.84,14.75,2180.72,119.67,3.9,-62.635,51.59,2884,712,0.809,5,Mid-rise,89.75,8.98,True,-1.0,,,,,,,,,,,,False,False,3D_inventory_only,True
IN3D-03-0058,3,58,28.874,-6.864,183.78,15.33,2817.97,150.84,3.68,30.613,-8.461,2680,915,0.821,5,High-rise,113.13,11.31,True,-1.0,,,,,,,,,,,,False,False,3D_inventory_only,True
IN3D-03-0059,3,59,72.316,59.843,156.08,11.05,1724.02,136.93,6.03,72.649,58.746,2031,730,0.877,4,Mid-rise,102.7,10.27,True,-1.0,,,,,,,,,,,,False,False,3D_inventory_only,True
IN3D-03-0060,3,60,64.33,48.147,88.35,13.15,1161.72,72.99,3.98,64.709,48.205,1598,458,0.826,4,Mid-rise,54.74,5.47,True,-1.0,,,,,,,,,,,,False,False,3D_inventory_only,True
IN3D-03-0061,3,61,47.441,136.697,155.19,5.99,929.37,121.03,3.22,46.267,136.928,930,507,0.78,2,Low-rise,90.77,9.08,True,-1.0,,,,,,,,,,,,False,False,3D_inventory_only,True
IN3D-03-0062,3,62,-5.647,82.46,182.3,7.65,1395.27,171.34,3.11,-4.884,83.531,1220,938,0.94,3,Low-rise,128.5,12.85,True,-1.0,,,,,,,,,,,,False,False,3D_inventory_only,True
IN3D-03-0063,3,63,18.269,54.748,164.76,15.68,2583.16,136.44,6.07,17.937,54.614,2994,811,0.828,5,High-rise,102.33,10.23,True,-1.0,,,,,,,,,,,,False,False,3D_inventory_only,True
IN3D-03-0064,3,64,-77.577,120.434,183.58,7.86,1442.71,164.27,3.9,-77.877,120.498,1736,826,0.895,3,Low-rise,123.2,12.32,True,-1.0,,,,,,,,,,,,False,False,3D_inventory_only,True
IN3D-03-0065,3,65,85.149,134.589,189.61,7.96,1509.78,92.16,2.56,86.799,136.484,1396,481,0.486,3,Low-rise,69.12,6.91,True,-1.0,,,,,,,,,,,,False,False,3D_inventory_only,True
IN3D-03-0066,3,66,41.039,41.758,103.34,13.46,1390.75,80.48,2.75,41.774,40.751,1793,462,0.779,4,Mid-rise,60.36,6.04,True,-1.0,,,,,,,,,,,,False,False,3D_inventory_only,True
IN3D-03-0067,3,67,54.016,125.579,150.08,7.69,1153.78,128.16,2.54,53.141,126.53,1444,679,0.854,3,Low-rise,96.12,9.61,True,-1.0,,,,,,,,,,,,False,False,3D_inventory_only,True
IN3D-03-0068,3,68,1.542,48.228,169.94,14.22,2416.64,94.96,3.59,2.468,49.122,2640,599,0.559,5,Mid-rise,71.22,7.12,True,-1.0,,,,,,,,,,,,False,False,3D_inventory_only,True
IN3D-03-0069,3,69,11.869,148.085,97.33,8.61,838.0,70.14,3.67,11.812,147.582,812,419,0.721,3,Mid-rise,52.6,5.26,True,-1.0,,,,,,,,,,,,False,False,3D_inventory_only,True
IN3D-03-0070,3,70,92.293,51.468,222.88,11.6,2585.68,173.87,3.45,94.279,50.703,2564,856,0.78,4,Mid-rise,130.4,13.04,True,-1.0,,,,,,,,,,,,False,False,3D_inventory_only,True
IN3D-03-0071,3,71,4.348,142.288,114.14,7.28,831.07,91.47,3.74,4.072,142.541,960,497,0.801,2,Low-rise,68.6,6.86,True,-1.0,,,,,,,,,,,,False,False,3D_inventory_only,True
IN3D-03-0072,3,72,-38.288,96.023,128.26,13.46,1725.84,104.3,3.55,-38.067,95.203,2256,561,0.813,4,Mid-rise,78.22,7.82,True,-1.0,,,,,,,,,,,,False,False,3D_inventory_only,True
IN3D-03-0073,3,73,-83.623,110.499,73.79,6.48,478.25,66.74,3.35,-82.976,111.004,835,413,0.904,2,Low-rise,50.05,5.0,True,-1.0,,,,,,,,,,,,False,False,3D_inventory_only,True
IN3D-03-0074,3,74,-55.802,-10.244,110.43,16.56,1829.16,79.95,3.36,-57.33,-9.692,2119,416,0.724,6,High-rise,59.96,6.0,True,-1.0,,,,,,,,,,,,False,False,3D_inventory_only,True
IN3D-03-0075,3,75,13.789,114.35,177.76,13.32,2367.25,156.18,11.03,13.604,114.388,2346,768,0.879,4,Mid-rise,117.14,11.71,True,-1.0,,,,,,,,,,,,False,False,3D_inventory_only,True
IN3D-03-0076,3,76,39.948,102.029,117.02,7.12,833.37,102.62,2.25,40.004,101.252,1147,537,0.877,2,Low-rise,76.96,7.7,True,-1.0,,,,,,,,,,,,False,False,3D_inventory_only,True
IN3D-03-0077,3,77,-96.526,32.542,174.22,6.95,1210.39,115.88,3.11,-95.442,33.261,1236,614,0.665,2,Low-rise,86.91,8.69,True,-1.0,,,,,,,,,,,,False,False,3D_inventory_only,True
IN3D-03-0078,3,78,-98.664,137.539,105.9,12.58,1332.5,86.88,2.27,-98.539,137.521,1842,502,0.82,4,Mid-rise,65.16,6.52,True,-1.0,,,,,,,,,,,,False,False,3D_inventory_only,True
IN3D-03-0079,3,79,-26.723,-0.818,158.14,15.49,2449.56,137.11,13.2,-25.868,-0.738,2699,593,0.867,5,High-rise,102.83,10.28,True,-1.0,,,,,,,,,,,,False,False,3D_inventory_only,True
IN3D-03-0080,3,80,-23.148,128.587,68.0,7.24,492.49,56.73,2.16,-23.325,128.595,708,328,0.834,2,Low-rise,42.55,4.26,True,-1.0,,,,,,,,,,,,False,False,3D_inventory_only,True
IN3D-03-0081,3,81,37.254,121.761,127.38,15.14,1928.89,97.87,5.75,37.656,121.117,2432,581,0.768,5,High-rise,73.4,7.34,True,-1.0,,,,,,,,,,,,False,False,3D_inventory_only,True
IN3D-03-0082,3,82,-27.735,41.416,138.7,7.88,1092.68,97.33,2.68,-27.549,42.155,1169,430,0.702,3,Low-rise,73.0,7.3,True,-1.0,,,,,,,,,,,,False,False,3D_inventory_only,True
IN3D-03-0083,3,83,-42.4,119.705,82.26,12.43,1022.29,69.78,3.43,-42.993,119.552,1368,371,0.848,4,Mid-rise,52.34,5.23,True,-1.0,,,,,,,,,,,,False,False,3D_inventory_only,True
IN3D-03-0084,3,84,15.151,136.482,69.93,6.5,454.8,59.8,2.05,15.987,135.779,467,294,0.855,2,Low-rise,44.85,4.49,True,-1.0,,,,,,,,,,,,False,False,3D_inventory_only,True
IN3D-03-0085,3,85,6.751,194.921,154.53,11.47,1771.86,116.95,1.69,6.064,195.244,1872,527,0.757,4,Mid-rise,87.71,8.77,True,-1.0,,,,,,,,,,,,False,False,3D_inventory_only,True
IN3D-03-0086,3,86,-1.162,112.347,63.97,4.17,266.72,48.6,2.11,-1.716,112.107,421,274,0.76,1,Low-rise,36.45,3.65,True,-1.0,,,,,,,,,,,,False,False,3D_inventory_only,True
IN3D-03-0087,3,87,-37.104,151.403,166.7,14.38,2397.47,102.77,3.86,-38.985,152.108,1763,547,0.616,5,Mid-rise,77.08,7.71,True,-1.0,,,,,,,,,,,,False,False,3D_inventory_only,True
IN3D-03-0088,3,88,68.976,-3.395,159.12,15.38,2446.94,131.68,4.14,69.31,-4.035,3216,808,0.828,5,High-rise,98.76,9.88,True,-1.0,,,,,,,,,,,,False,False,3D_inventory_only,True
IN3D-03-0089,3,89,-98.206,76.042,87.6,6.06,530.71,78.17,1.91,-98.401,76.586,932,423,0.892,2,Low-rise,58.63,5.86,True,-1.0,,,,,,,,,,,,False,False,3D_inventory_only,True
IN3D-03-0090,3,90,-67.218,147.527,124.84,13.27,1657.03,94.82,3.85,-66.007,147.106,1728,492,0.76,4,Mid-rise,71.11,7.11,True,-1.0,,,,,,,,,,,,False,False,3D_inventory_only,True
IN3D-03-0091,3,91,78.803,21.022,165.9,14.83,2460.63,116.14,6.1,79.103,19.311,2813,774,0.7,5,Mid-rise,87.1,8.71,True,-1.0,,,,,,,,,,,,False,False,3D_inventory_only,True
IN3D-03-0092,3,92,32.805,173.258,99.12,5.52,547.6,75.49,2.43,33.023,173.344,788,398,0.762,2,Low-rise,56.62,5.66,True,-1.0,,,,,,,,,,,,False,False,3D_inventory_only,True
IN3D-03-0093,3,93,66.104,-14.979,158.08,15.46,2444.19,134.57,3.67,65.839,-15.824,3197,759,0.851,5,High-rise,100.93,10.09,True,-1.0,,,,,,,,,,,,False,False,3D_inventory_only,True
IN3D-03-0094,3,94,-27.934,83.403,133.91,12.97,1737.27,103.97,5.51,-28.52,83.182,2520,499,0.776,4,Mid-rise,77.98,7.8,True,-1.0,,,,,,,,,,,,False,False,3D_inventory_only,True
IN3D-03-0095,3,95,-79.601,148.925,116.33,12.75,1483.7,95.27,3.12,-80.044,148.478,1890,491,0.819,4,Mid-rise,71.45,7.14,True,-1.0,,,,,,,,,,,,False,False,3D_inventory_only,True
IN3D-03-0096,3,96,37.131,91.358,133.46,8.35,1114.46,119.72,4.2,36.026,91.213,1208,658,0.897,3,Mid-rise,89.79,8.98,True,-1.0,,,,,,,,,,,,False,False,3D_inventory_only,True
IN3D-03-0097,3,97,-11.836,135.096,32.81,6.24,204.88,25.32,1.65,-12.354,135.017,442,151,0.772,2,Low-rise,18.99,1.9,True,-1.0,,,,,,,,,,,,False,False,3D_inventory_only,True
IN3D-03-0098,3,98,22.932,187.699,234.83,13.63,3199.66,185.91,4.15,22.699,187.39,3118,1030,0.792,5,Mid-rise,139.43,13.94,True,-1.0,,,,,,,,,,,,False,False,3D_inventory_only,True
IN3D-03-0099,3,99,-39.166,-9.493,145.0,6.5,943.12,95.63,2.56,-36.535,-8.798,1162,499,0.66,2,Low-rise,71.72,7.17,True,-1.0,,,,,,,,,,,,False,False,3D_inventory_only,True
IN3D-03-0100,3,100,67.225,149.387,158.4,6.8,1077.32,145.75,3.67,68.185,148.906,1047,667,0.92,2,Low-rise,109.31,10.93,True,-1.0,,,,,,,,,,,,False,False,3D_inventory_only,True
IN3D-03-0101,3,101,-67.345,-0.604,165.69,14.88,2465.61,142.79,5.22,-67.491,-1.397,2112,854,0.862,5,Mid-rise,107.09,10.71,True,-1.0,,,,,,,,,,,,False,False,3D_inventory_only,True
IN3D-03-0102,3,102,-38.487,130.801,145.89,8.1,1181.21,130.47,2.74,-38.805,130.314,1429,623,0.894,3,Mid-rise,97.85,9.78,True,28.0,0.1071704477071762,2499.489678113688,4939.529547011056,IN3D-03-0102,102.0,-38.487,130.801,2424.187895875405,4875.0161243565535,99.15815705659452,0.0084184294340547,True,True,validated_2D_3D_match,True
IN3D-03-0103,3,103,-47.588,184.295,123.11,7.22,889.34,106.81,3.36,-46.497,184.785,1013,613,0.868,2,Low-rise,80.11,8.01,True,-1.0,,,,,,,,,,,,False,False,3D_inventory_only,True
IN3D-03-0104,3,104,7.875,-9.604,138.18,7.14,987.28,123.04,3.51,6.924,-9.807,1179,638,0.89,2,Low-rise,92.28,9.23,True,-1.0,,,,,,,,,,,,False,False,3D_inventory_only,True
IN3D-03-0105,3,105,-71.191,95.644,113.23,5.9,668.0,103.71,2.78,-69.785,95.0,825,579,0.916,2,Low-rise,77.78,7.78,True,-1.0,,,,,,,,,,,,False,False,3D_inventory_only,True
IN3D-03-0106,3,106,-46.766,69.65,120.07,13.49,1619.19,100.85,5.61,-46.467,68.891,2270,614,0.84,4,Mid-rise,75.64,7.56,True,-1.0,,,,,,,,,,,,False,False,3D_inventory_only,True
IN3D-03-0107,3,107,-4.709,129.984,104.57,5.63,588.96,93.96,3.11,-3.922,129.484,767,524,0.899,2,Low-rise,70.47,7.05,True,10.0,0.1605045795440673,3273.939304627034,4854.849591450411,IN3D-03-0107,107.0,-4.709,129.984,3253.168516332388,4864.52973447306,22.91573292129062,0.7708426707870938,True,True,validated_2D_3D_match,True
IN3D-03-0108,3,108,-60.524,-24.845,186.95,15.34,2867.25,151.78,3.45,-60.636,-26.027,2965,740,0.812,5,High-rise,113.84,11.38,True,-1.0,,,,,,,,,,,,False,False,3D_inventory_only,True
IN3D-03-0109,3,109,-89.64,128.608,103.46,14.51,1501.61,87.9,3.24,-89.919,128.534,2159,487,0.85,5,Mid-rise,65.93,6.59,True,-1.0,,,,,,,,,,,,False,False,3D_inventory_only,True
IN3D-03-0110,3,110,-21.829,138.398,152.81,15.22,2326.08,117.28,3.71,-21.827,137.208,2933,719,0.767,5,High-rise,87.96,8.8,True,-1.0,,,,,,,,,,,,False,False,3D_inventory_only,True
IN3D-03-0111,3,111,-75.76,166.989,177.49,13.27,2355.07,148.29,3.77,-75.763,166.747,2961,827,0.835,4,Mid-rise,111.22,11.12,True,-1.0,,,,,,,,,,,,False,False,3D_inventory_only,True
IN3D-03-0112,3,112,15.137,178.566,197.86,14.36,2841.69,141.06,4.54,13.932,178.892,2542,853,0.713,5,Mid-rise,105.8,10.58,True,-1.0,,,,,,,,,,,,False,False,3D_inventory_only,True
IN3D-03-0113,3,113,61.941,172.582,133.3,11.9,1586.37,113.08,2.66,61.927,172.788,1982,634,0.848,4,Mid-rise,84.81,8.48,True,-1.0,,,,,,,,,,,,False,False,3D_inventory_only,True
IN3D-03-0114,3,114,25.753,-20.713,224.11,12.5,2801.87,152.81,2.85,27.591,-19.683,2615,823,0.682,4,Mid-rise,114.61,11.46,True,-1.0,,,,,,,,,,,,False,False,3D_inventory_only,True
IN3D-03-0115,3,115,-92.942,163.811,195.64,12.54,2453.53,124.29,4.08,-92.368,166.043,2360,686,0.635,4,Mid-rise,93.22,9.32,True,-1.0,,,,,,,,,,,,False,False,3D_inventory_only,True
IN3D-03-0116,3,116,-58.778,99.375,79.73,5.74,457.66,73.02,2.24,-59.556,98.981,643,372,0.916,2,Low-rise,54.76,5.48,True,-1.0,,,,,,,,,,,,False,False,3D_inventory_only,True
IN3D-03-0117,3,117,67.573,72.749,97.81,8.58,838.93,83.56,2.44,68.518,72.013,1180,397,0.854,3,Mid-rise,62.67,6.27,True,-1.0,,,,,,,,,,,,False,False,3D_inventory_only,True
IN3D-03-0118,3,118,-61.279,89.246,85.77,7.46,639.69,74.77,2.38,-61.838,89.992,704,419,0.872,2,Low-rise,56.08,5.61,True,-1.0,,,,,,,,,,,,False,False,3D_inventory_only,True
IN3D-03-0119,3,119,91.947,27.04,104.81,7.08,741.96,86.68,2.73,92.405,26.394,928,478,0.827,2,Low-rise,65.01,6.5,True,-1.0,,,,,,,,,,,,False,False,3D_inventory_only,True
IN3D-03-0120,3,120,45.09,170.725,163.78,13.68,2239.68,116.39,4.18,45.48,170.8,2721,730,0.711,5,Mid-rise,87.29,8.73,True,-1.0,,,,,,,,,,,,False,False,3D_inventory_only,True
IN3D-03-0121,3,121,-9.624,183.842,121.45,6.46,784.8,107.13,2.8,-9.557,183.371,1074,606,0.882,2,Low-rise,80.35,8.04,True,-1.0,,,,,,,,,,,,False,False,3D_inventory_only,True
IN3D-03-0122,3,122,8.25,63.224,151.31,5.53,836.12,126.44,2.65,8.571,62.219,944,630,0.836,2,Low-rise,94.83,9.48,True,-1.0,,,,,,,,,,,,False,False,3D_inventory_only,True
IN3D-03-0123,3,123,-7.31,68.405,97.54,10.17,992.09,81.09,3.18,-6.698,67.438,1631,493,0.831,3,Mid-rise,60.82,6.08,True,-1.0,,,,,,,,,,,,False,False,3D_inventory_only,True
IN3D-03-0124,3,124,23.576,-38.081,197.97,13.77,2726.28,116.12,4.87,25.717,-38.411,2752,727,0.587,5,Mid-rise,87.09,8.71,True,-1.0,,,,,,,,,,,,False,False,3D_inventory_only,True
IN3D-03-0125,3,125,5.934,169.804,178.66,13.97,2495.36,155.14,10.56,6.703,169.6,2680,802,0.868,5,Mid-rise,116.35,11.64,True,-1.0,,,,,,,,,,,,False,False,3D_inventory_only,True
IN3D-03-0126,3,126,-114.195,130.761,113.1,7.45,842.38,99.56,3.38,-113.06,130.401,861,491,0.88,2,Low-rise,74.67,7.47,True,-1.0,,,,,,,,,,,,False,False,3D_inventory_only,True
IN3D-03-0127,3,127,96.388,163.232,102.24,7.07,722.37,87.1,3.16,97.456,164.348,717,453,0.852,2,Low-rise,65.32,6.53,True,-1.0,,,,,,,,,,,,False,False,3D_inventory_only,True
IN3D-03-0128,3,128,45.138,-21.934,167.29,11.24,1879.88,145.87,4.87,43.402,-21.35,2319,805,0.872,4,Mid-rise,109.4,10.94,True,-1.0,,,,,,,,,,,,False,False,3D_inventory_only,True
IN3D-03-0129,3,129,-36.727,199.104,232.89,12.08,2814.03,139.33,4.43,-36.522,197.454,2332,812,0.598,4,Mid-rise,104.5,10.45,True,-1.0,,,,,,,,,,,,False,False,3D_inventory_only,True
IN3D-03-0130,3,130,-125.983,146.464,196.76,13.57,2669.07,125.74,3.52,-125.855,146.277,2788,627,0.639,5,Mid-rise,94.3,9.43,True,-1.0,,,,,,,,,,,,False,False,3D_inventory_only,True
IN3D-03-0131,3,131,53.177,79.79,48.83,7.66,373.82,32.12,2.15,53.214,79.782,747,190,0.658,3,Low-rise,24.09,2.41,True,-1.0,,,,,,,,,,,,False,False,3D_inventory_only,True
IN3D-03-0132,3,132,-77.478,50.506,57.28,8.96,513.26,52.05,2.51,-78.051,50.042,886,284,0.909,3,Mid-rise,39.04,3.9,True,-1.0,,,,,,,,,,,,False,False,3D_inventory_only,True
IN3D-03-0133,3,133,-108.661,82.397,91.85,5.75,528.07,78.83,2.66,-107.871,82.131,818,416,0.858,2,Low-rise,59.12,5.91,True,-1.0,,,,,,,,,,,,False,False,3D_inventory_only,True
IN3D-03-0134,3,134,-85.214,138.349,84.68,6.44,545.03,67.55,2.16,-85.017,139.324,694,341,0.798,2,Low-rise,50.66,5.07,True,-1.0,,,,,,,,,,,,False,False,3D_inventory_only,True
IN3D-03-0135,3,135,-110.311,41.22,176.45,16.71,2949.1,130.39,3.42,-108.866,40.453,3599,689,0.739,6,High-rise,97.79,9.78,True,-1.0,,,,,,,,,,,,False,False,3D_inventory_only,True
IN3D-03-0136,3,136,-20.596,114.053,83.83,7.2,603.7,78.53,2.48,-21.451,114.972,675,412,0.937,2,Low-rise,58.9,5.89,True,-1.0,,,,,,,,,,,,False,False,3D_inventory_only,True
IN3D-03-0137,3,137,-7.667,198.177,159.45,13.03,2077.87,141.45,3.86,-7.67,198.175,2313,816,0.887,4,Mid-rise,106.09,10.61,True,-1.0,,,,,,,,,,,,False,False,3D_inventory_only,True
IN3D-03-0138,3,138,-98.576,149.362,120.18,6.95,835.34,96.87,2.58,-99.11,149.062,897,505,0.806,2,Low-rise,72.65,7.26,True,20.0,0.1220704317092895,960.6021750570076,5203.82125942817,IN3D-03-0138,138.0,-98.576,149.362,949.4819777440872,5113.250986813755,91.25038668262076,0.0874961331737922,True,True,validated_2D_3D_match,True
IN3D-03-0139,3,139,95.662,119.275,153.29,15.03,2303.7,125.94,3.27,94.866,118.836,2658,699,0.822,5,High-rise,94.46,9.45,True,-1.0,,,,,,,,,,,,False,False,3D_inventory_only,True
IN3D-03-0140,3,140,-18.715,176.234,109.89,8.42,925.48,89.2,3.51,-18.883,175.556,1261,487,0.812,3,Mid-rise,66.9,6.69,True,-1.0,,,,,,,,,,,,False,False,3D_inventory_only,True
IN3D-03-0141,3,141,-90.43,144.514,32.95,4.02,132.36,25.91,1.63,-89.753,144.801,218,144,0.786,1,Low-rise,19.43,1.94,True,-1.0,,,,,,,,,,,,False,False,3D_inventory_only,True
IN3D-03-0142,3,142,-92.49,22.098,64.65,8.32,538.04,54.35,3.05,-91.385,21.912,646,335,0.841,3,Mid-rise,40.76,4.08,True,-1.0,,,,,,,,,,,,False,False,3D_inventory_only,True
IN3D-03-0143,3,143,-70.523,105.589,84.96,4.42,375.42,78.5,2.02,-69.904,104.947,687,407,0.924,1,Low-rise,58.88,5.89,True,-1.0,,,,,,,,,,,,False,False,3D_inventory_only,True
IN3D-03-0144,3,144,-109.615,157.203,184.88,15.16,2802.91,121.12,5.05,-108.353,156.094,2811,750,0.655,5,High-rise,90.84,9.08,True,-1.0,,,,,,,,,,,,False,False,3D_inventory_only,True
IN3D-03-0145,3,145,79.479,68.762,116.81,8.26,965.24,102.59,2.62,78.484,69.338,1345,544,0.878,3,Mid-rise,76.94,7.69,True,-1.0,,,,,,,,,,,,False,False,3D_inventory_only,True
IN3D-03-0146,3,146,-96.809,96.505,80.15,7.12,570.99,66.75,2.1,-96.488,96.057,889,345,0.833,2,Low-rise,50.06,5.01,True,-1.0,,,,,,,,,,,,False,False,3D_inventory_only,True
IN3D-03-0147,3,147,73.223,45.227,79.84,8.01,639.3,58.1,2.36,72.574,46.189,889,305,0.728,3,Mid-rise,43.58,4.36,True,-1.0,,,,,,,,,,,,False,False,3D_inventory_only,True
IN3D-03-0148,3,148,-118.823,120.35,113.16,15.48,1751.38,95.3,4.93,-118.485,120.632,2242,538,0.842,5,High-rise,71.47,7.15,True,-1.0,,,,,,,,,,,,False,False,3D_inventory_only,True
IN3D-03-0149,3,149,18.878,156.103,130.56,12.04,1571.42,90.18,1.91,18.697,156.995,2017,519,0.691,4,Mid-rise,67.64,6.76,True,-1.0,,,,,,,,,,,,False,False,3D_inventory_only,True
IN3D-03-0150,3,150,29.832,130.832,44.96,6.73,302.43,37.7,2.39,28.907,130.682,478,222,0.839,2,Low-rise,28.28,2.83,True,-1.0,,,,,,,,,,,,False,False,3D_inventory_only,True
IN3D-03-0151,3,151,52.295,36.81,122.16,11.63,1421.0,84.7,1.98,52.44,36.861,1556,409,0.693,4,Mid-rise,63.53,6.35,True,-1.0,,,,,,,,,,,,False,False,3D_inventory_only,True
IN3D-03-0152,3,152,1.435,186.416,89.21,4.43,395.65,64.33,1.18,1.272,186.369,523,316,0.721,1,Low-rise,48.25,4.82,True,-1.0,,,,,,,,,,,,False,False,3D_inventory_only,True
IN3D-03-0153,3,153,-102.576,-2.641,537.61,9.71,5218.04,482.26,6.49,-101.574,-2.552,3213,2210,0.897,3,Mid-rise,361.7,36.17,True,-1.0,,,,,,,,,,,,False,False,3D_inventory_only,True
IN3D-03-0154,3,154,-85.294,-24.945,161.89,16.55,2679.69,122.56,4.62,-84.086,-24.568,2313,709,0.757,6,High-rise,91.92,9.19,True,-1.0,,,,,,,,,,,,False,False,3D_inventory_only,True
IN3D-03-0155,3,155,46.714,111.572,133.13,15.33,2040.94,113.16,5.51,46.793,111.335,2591,824,0.85,5,High-rise,84.87,8.49,True,-1.0,,,,,,,,,,,,False,False,3D_inventory_only,True
IN3D-03-0156,3,156,-130.352,164.264,135.75,12.08,1639.96,114.46,1.85,-131.133,163.49,2330,679,0.843,4,Mid-rise,85.84,8.58,True,-1.0,,,,,,,,,,,,False,False,3D_inventory_only,True
IN3D-03-0157,3,157,-39.867,-38.233,143.36,14.08,2019.17,120.98,4.47,-40.05,-38.228,2007,741,0.844,5,Mid-rise,90.74,9.07,True,-1.0,,,,,,,,,,,,False,False,3D_inventory_only,True
IN3D-03-0158,3,158,4.855,118.652,66.54,10.56,702.5,43.19,1.92,5.187,119.371,820,232,0.649,4,Mid-rise,32.39,3.24,True,-1.0,,,,,,,,,,,,False,False,3D_inventory_only,True
IN3D-03-0159,3,159,65.671,185.707,161.05,13.29,2140.6,137.27,3.17,65.089,186.249,2102,756,0.852,4,Mid-rise,102.95,10.3,True,-1.0,,,,,,,,,,,,False,False,3D_inventory_only,True
IN3D-03-0160,3,160,-18.496,-38.019,74.52,11.97,891.94,65.83,2.26,-18.883,-39.536,1203,337,0.883,4,Mid-rise,49.37,4.94,True,-1.0,,,,,,,,,,,,False,False,3D_inventory_only,True
IN3D-03-0161,3,161,-1.407,156.535,192.12,13.78,2646.81,160.81,3.54,-2.079,156.214,3012,789,0.837,5,Mid-rise,120.61,12.06,True,-1.0,,,,,,,,,,,,False,False,3D_inventory_only,True
IN3D-03-0162,3,162,-62.291,121.559,113.17,7.42,839.82,96.28,2.6,-62.19,121.759,1091,518,0.851,2,Low-rise,72.21,7.22,True,-1.0,,,,,,,,,,,,False,False,3D_inventory_only,True
IN3D-03-0163,3,163,-71.546,7.264,87.93,12.18,1071.06,82.75,2.95,-71.918,7.375,918,512,0.941,4,Mid-rise,62.06,6.21,True,-1.0,,,,,,,,,,,,False,False,3D_inventory_only,True
IN3D-03-0164,3,164,-19.81,30.135,148.49,7.44,1104.21,131.15,5.48,-19.404,30.797,1274,617,0.883,2,Low-rise,98.36,9.84,True,-1.0,,,,,,,,,,,,False,False,3D_inventory_only,True
IN3D-03-0165,3,165,-72.394,-18.079,105.64,13.75,1453.03,80.81,4.89,-72.84,-18.341,1292,488,0.765,5,Mid-rise,60.61,6.06,True,-1.0,,,,,,,,,,,,False,False,3D_inventory_only,True
IN3D-03-0166,3,166,35.409,140.914,47.08,3.43,161.64,38.02,2.05,35.84,141.264,319,224,0.808,1,Single-storey,28.52,2.85,True,-1.0,,,,,,,,,,,,False,False,3D_inventory_only,True
IN3D-03-0167,3,167,81.03,180.723,138.53,12.42,1720.45,103.37,3.26,81.073,180.607,1688,540,0.746,4,Mid-rise,77.53,7.75,True,-1.0,,,,,,,,,,,,False,False,3D_inventory_only,True
IN3D-03-0168,3,168,5.73,213.623,225.49,12.88,2904.98,173.25,3.93,4.939,212.531,2830,795,0.768,4,Mid-rise,129.94,12.99,True,-1.0,,,,,,,,,,,,False,False,3D_inventory_only,True
IN3D-03-0169,3,169,-83.426,88.321,253.0,15.14,3830.23,85.49,2.95,-83.287,85.534,3537,528,0.338,5,High-rise,64.12,6.41,True,-1.0,,,,,,,,,,,,False,False,3D_inventory_only,True
IN3D-03-0170,3,170,-45.588,215.184,56.43,6.57,370.67,47.05,1.85,-45.143,215.535,680,298,0.834,2,Low-rise,35.29,3.53,True,-1.0,,,,,,,,,,,,False,False,3D_inventory_only,True
IN3D-03-0171,3,171,42.947,202.254,133.2,13.47,1793.73,114.77,3.46,42.341,202.074,1991,627,0.862,4,Mid-rise,86.08,8.61,True,-1.0,,,,,,,,,,,,False,False,3D_inventory_only,True
IN3D-03-0172,3,172,-87.536,177.322,184.81,14.19,2623.18,99.53,3.66,-85.131,178.816,2379,578,0.539,5,Mid-rise,74.65,7.47,True,-1.0,,,,,,,,,,,,False,False,3D_inventory_only,True
IN3D-03-0173,3,173,-91.325,63.004,188.64,13.79,2601.83,99.13,3.08,-92.008,63.628,2674,548,0.525,5,Mid-rise,74.35,7.44,True,-1.0,,,,,,,,,,,,False,False,3D_inventory_only,True
IN3D-03-0174,3,174,54.77,190.945,109.0,13.91,1516.09,94.48,3.34,53.238,192.198,1073,543,0.867,5,Mid-rise,70.86,7.09,True,-1.0,,,,,,,,,,,,False,False,3D_inventory_only,True
IN3D-03-0175,3,175,-63.325,133.918,33.03,3.81,126.01,25.91,1.68,-63.745,133.584,264,122,0.784,1,Single-storey,19.43,1.94,True,-1.0,,,,,,,,,,,,False,False,3D_inventory_only,True
IN3D-03-0176,3,176,-97.617,181.564,132.73,11.23,1490.8,108.08,3.22,-98.096,182.174,1265,603,0.814,4,Mid-rise,81.06,8.11,True,-1.0,,,,,,,,,,,,False,False,3D_inventory_only,True
IN3D-03-0177,3,177,95.25,66.787,217.65,16.23,3533.24,176.95,11.88,95.53,66.986,3611,976,0.813,5,High-rise,132.71,13.27,True,-1.0,,,,,,,,,,,,False,False,3D_inventory_only,True
IN3D-03-0178,3,178,38.44,2.566,72.24,7.6,549.03,60.01,2.5,38.83,2.348,526,323,0.831,3,Low-rise,45.01,4.5,True,24.0,0.1134564131498336,4352.45143937191,3161.082691189299,IN3D-03-0178,178.0,38.44,2.566,4312.132480809219,3229.0893107581896,79.06022213963124,0.2093977786036877,True,True,validated_2D_3D_match,True
IN3D-03-0179,3,179,19.778,206.89,152.11,14.12,2147.31,133.18,4.93,18.23,206.058,2208,763,0.876,5,Mid-rise,99.88,9.99,True,-1.0,,,,,,,,,,,,False,False,3D_inventory_only,True
IN3D-03-0180,3,180,-85.851,43.49,192.59,12.92,2487.5,184.18,5.85,-85.55,43.499,3205,1145,0.956,4,Mid-rise,138.14,13.81,True,-1.0,,,,,,,,,,,,False,False,3D_inventory_only,True
IN3D-03-0181,3,181,56.202,203.057,110.31,12.51,1379.64,95.45,3.27,55.344,201.751,1652,556,0.865,4,Mid-rise,71.59,7.16,True,-1.0,,,,,,,,,,,,False,False,3D_inventory_only,True
IN3D-03-0182,3,182,42.48,71.685,157.36,15.75,2478.39,128.72,4.8,41.773,71.634,2968,797,0.818,5,High-rise,96.54,9.65,True,-1.0,,,,,,,,,,,,False,False,3D_inventory_only,True
IN3D-03-0183,3,183,78.773,-33.471,166.12,16.46,2733.7,145.15,5.56,79.541,-34.505,3445,853,0.874,5,High-rise,108.86,10.89,True,-1.0,,,,,,,,,,,,False,False,3D_inventory_only,True
IN3D-03-0184,3,184,-25.981,189.476,185.41,12.79,2372.18,161.66,4.34,-27.109,189.159,2452,863,0.872,4,Mid-rise,121.24,12.12,True,-1.0,,,,,,,,,,,,False,False,3D_inventory_only,True
IN3D-03-0185,3,185,55.788,104.652,87.73,8.67,760.88,61.93,3.19,55.468,103.511,1102,328,0.706,3,Mid-rise,46.45,4.65,True,-1.0,,,,,,,,,,,,False,False,3D_inventory_only,True
IN3D-03-0186,3,186,31.965,205.789,98.88,16.5,1631.99,78.53,4.04,33.251,204.748,2013,483,0.794,6,High-rise,58.9,5.89,True,-1.0,,,,,,,,,,,,False,False,3D_inventory_only,True
IN3D-03-0187,3,187,-65.635,-12.792,81.6,9.14,745.91,62.83,2.0,-66.007,-11.962,759,327,0.77,3,Mid-rise,47.12,4.71,True,-1.0,,,,,,,,,,,,False,False,3D_inventory_only,True
IN3D-03-0188,3,188,-130.793,113.703,113.97,13.21,1505.93,80.79,4.19,-132.118,112.779,1581,534,0.709,4,Mid-rise,60.59,6.06,True,-1.0,,,,,,,,,,,,False,False,3D_inventory_only,True
IN3D-03-0189,3,189,-130.324,13.6,142.82,16.6,2370.56,123.34,3.74,-130.613,13.169,2710,722,0.864,6,High-rise,92.5,9.25,True,-1.0,,,,,,,,,,,,False,False,3D_inventory_only,True
IN3D-03-0190,3,190,-101.833,58.37,181.18,7.37,1335.58,152.51,3.36,-101.736,59.45,1368,749,0.842,2,Low-rise,114.38,11.44,True,-1.0,,,,,,,,,,,,False,False,3D_inventory_only,True
IN3D-03-0191,3,191,-37.412,176.388,132.84,13.2,1753.18,108.47,4.24,-37.519,176.841,2314,602,0.817,4,Mid-rise,81.35,8.14,True,-1.0,,,,,,,,,,,,False,False,3D_inventory_only,True
IN3D-03-0192,3,192,-33.501,213.593,140.98,7.29,1027.12,102.63,2.78,-32.477,215.047,998,605,0.728,2,Low-rise,76.97,7.7,True,-1.0,,,,,,,,,,,,False,False,3D_inventory_only,True
IN3D-03-0193,3,193,68.56,98.278,187.57,15.26,2861.83,154.99,6.1,69.161,97.341,3190,867,0.826,5,High-rise,116.24,11.62,True,-1.0,,,,,,,,,,,,False,False,3D_inventory_only,True
IN3D-03-0194,3,194,-86.389,154.059,95.53,4.68,447.3,63.27,1.35,-85.832,152.833,743,356,0.662,2,Low-rise,47.45,4.74,True,-1.0,,,,,,,,,,,,False,False,3D_inventory_only,True
IN3D-03-0195,3,195,-93.258,13.531,105.27,11.17,1176.0,93.73,2.92,-92.465,13.56,1628,574,0.89,4,Mid-rise,70.3,7.03,True,-1.0,,,,,,,,,,,,False,False,3D_inventory_only,True
IN3D-03-0196,3,196,-64.172,227.944,197.82,13.15,2602.01,125.21,4.31,-64.744,226.711,2129,737,0.633,4,Mid-rise,93.91,9.39,True,-1.0,,,,,,,,,,,,False,False,3D_inventory_only,True
IN3D-03-0197,3,197,76.076,161.138,286.37,9.53,2729.47,254.56,4.81,75.587,161.985,2366,1350,0.889,3,Mid-rise,190.92,19.09,True,-1.0,,,,,,,,,,,,False,False,3D_inventory_only,True
IN3D-03-0198,3,198,99.982,143.367,103.56,11.8,1222.11,58.11,2.56,100.534,143.803,1544,319,0.561,4,Mid-rise,43.58,4.36,True,-1.0,,,,,,,,,,,,False,False,3D_inventory_only,True
IN3D-03-0199,3,199,55.501,-40.529,79.18,15.55,1230.99,69.17,3.33,55.38,-41.945,1709,381,0.874,5,High-rise,51.88,5.19,True,-1.0,,,,,,,,,,,,False,False,3D_inventory_only,True
IN3D-03-0200,3,200,75.782,172.925,89.12,11.08,987.84,62.61,3.41,75.919,172.089,1287,339,0.703,4,Mid-rise,46.96,4.7,True,-1.0,,,,,,,,,,,,False,False,3D_inventory_only,True
IN3D-03-0201,3,201,65.515,212.441,27.46,3.35,91.93,19.56,1.28,65.357,212.201,260,103,0.712,1,Single-storey,14.67,1.47,True,-1.0,,,,,,,,,,,,False,False,3D_inventory_only,True
IN3D-03-0202,3,202,35.964,221.612,119.78,14.1,1688.77,90.06,2.36,36.005,223.286,1443,497,0.752,5,Mid-rise,67.54,6.75,True,-1.0,,,,,,,,,,,,False,False,3D_inventory_only,True
IN3D-03-0203,3,203,-83.911,202.877,99.75,12.55,1251.92,74.35,8.55,-83.663,201.235,1432,389,0.745,4,Mid-rise,55.76,5.58,True,-1.0,,,,,,,,,,,,False,False,3D_inventory_only,True
IN3D-03-0204,3,204,-98.77,118.204,215.79,17.82,3844.46,199.13,9.72,-98.684,117.817,4145,1245,0.923,6,High-rise,149.35,14.93,True,-1.0,,,,,,,,,,,,False,False,3D_inventory_only,True
IN3D-03-0205,3,205,-71.253,189.602,257.2,16.67,4287.19,140.12,3.86,-69.718,190.26,3620,757,0.545,6,High-rise,105.09,10.51,True,-1.0,,,,,,,,,,,,False,False,3D_inventory_only,True
IN3D-03-0206,3,206,-53.761,224.893,194.41,12.69,2466.18,155.43,4.34,-54.668,223.969,2641,853,0.799,4,Mid-rise,116.57,11.66,True,-1.0,,,,,,,,,,,,False,False,3D_inventory_only,True
IN3D-03-0207,3,207,-47.646,114.825,49.16,7.35,361.15,40.25,2.35,-47.175,115.117,658,230,0.819,2,Low-rise,30.19,3.02,True,-1.0,,,,,,,,,,,,False,False,3D_inventory_only,True
IN3D-03-0208,3,208,85.711,91.687,167.2,15.16,2534.8,125.14,4.99,84.515,92.041,2910,650,0.748,5,High-rise,93.86,9.39,True,-1.0,,,,,,,,,,,,False,False,3D_inventory_only,True
IN3D-03-0209,3,209,62.417,136.621,122.85,13.92,1710.26,104.55,5.03,62.987,136.512,2349,616,0.851,5,Mid-rise,78.41,7.84,True,-1.0,,,,,,,,,,,,False,False,3D_inventory_only,True
IN3D-03-0210,3,210,83.517,211.059,103.29,12.41,1282.3,88.5,1.77,83.533,210.902,2194,499,0.857,4,Mid-rise,66.38,6.64,True,-1.0,,,,,,,,,,,,False,False,3D_inventory_only,True
IN3D-03-0211,3,211,-68.004,161.294,96.33,4.94,475.77,62.09,2.14,-66.311,161.938,571,308,0.645,2,Low-rise,46.57,4.66,True,-1.0,,,,,,,,,,,,False,False,3D_inventory_only,True
IN3D-03-0212,3,212,-94.674,208.293,77.19,5.32,410.56,51.62,3.35,-95.358,207.947,685,294,0.669,2,Low-rise,38.71,3.87,True,-1.0,,,,,,,,,,,,False,False,3D_inventory_only,True
IN3D-03-0213,3,213,-28.987,-41.599,111.67,13.26,1480.43,87.32,3.46,-29.076,-42.602,1298,577,0.782,4,Mid-rise,65.49,6.55,True,-1.0,,,,,,,,,,,,False,False,3D_inventory_only,True
IN3D-03-0214,3,214,-52.974,172.792,166.95,15.13,2526.34,147.14,3.46,-54.142,172.157,2878,733,0.881,5,High-rise,110.35,11.04,True,-1.0,,,,,,,,,,,,False,False,3D_inventory_only,True
IN3D-03-0215,3,215,86.99,191.206,139.3,13.85,1930.01,111.59,11.74,87.268,190.486,2040,655,0.801,5,Mid-rise,83.69,8.37,True,-1.0,,,,,,,,,,,,False,False,3D_inventory_only,True
IN3D-03-0216,3,216,91.428,-20.939,173.39,13.78,2388.53,141.12,3.75,92.391,-21.684,2474,721,0.814,5,Mid-rise,105.84,10.58,True,-1.0,,,,,,,,,,,,False,False,3D_inventory_only,True
IN3D-03-0217,3,217,-109.743,-26.184,184.92,18.29,3382.47,147.49,4.03,-110.457,-25.614,3440,769,0.798,6,High-rise,110.62,11.06,True,-1.0,,,,,,,,,,,,False,False,3D_inventory_only,True
IN3D-03-0218,3,218,-26.366,224.568,175.97,14.65,2577.52,138.0,5.77,-26.632,223.65,2180,752,0.784,5,Mid-rise,103.5,10.35,True,-1.0,,,,,,,,,,,,False,False,3D_inventory_only,True
IN3D-03-0219,3,219,-1.678,232.649,38.61,6.0,231.78,25.29,1.59,-1.45,232.306,334,134,0.655,2,Low-rise,18.97,1.9,True,-1.0,,,,,,,,,,,,False,False,3D_inventory_only,True
IN3D-03-0220,3,220,-56.925,14.91,204.77,13.26,2714.43,91.37,3.32,-59.273,14.617,2537,538,0.446,4,Mid-rise,68.53,6.85,True,-1.0,,,,,,,,,,,,False,False,3D_inventory_only,True
IN3D-03-0221,3,221,90.051,106.987,204.61,15.36,3142.17,128.83,5.39,90.909,106.623,3356,706,0.63,5,High-rise,96.62,9.66,True,-1.0,,,,,,,,,,,,False,False,3D_inventory_only,True
IN3D-03-0222,3,222,-81.025,215.179,184.95,13.03,2409.55,137.36,3.46,-82.507,216.35,2445,773,0.743,4,Mid-rise,103.02,10.3,True,-1.0,,,,,,,,,,,,False,False,3D_inventory_only,True
IN3D-03-0223,3,223,-64.439,182.142,96.57,7.21,696.23,75.44,2.34,-64.456,181.486,869,348,0.781,2,Low-rise,56.58,5.66,True,1.0,0.3003192543983459,1784.4609828858534,5506.162558224734,IN3D-03-0223,223.0,-64.439,182.142,1787.273186238967,5533.990106007068,27.96928499760623,0.7203071500239377,True,True,validated_2D_3D_match,True
IN3D-03-0224,3,224,-106.757,174.395,74.95,8.88,665.87,61.41,1.7,-106.678,174.623,997,294,0.819,3,Mid-rise,46.06,4.61,True,-1.0,,,,,,,,,,,,False,False,3D_inventory_only,True
IN3D-03-0225,3,225,-97.111,86.155,118.42,7.47,884.3,110.72,3.41,-96.838,86.77,1199,582,0.935,2,Low-rise,83.04,8.3,True,-1.0,,,,,,,,,,,,False,False,3D_inventory_only,True
IN3D-03-0226,3,226,-81.077,-42.677,59.88,15.02,899.28,44.29,2.49,-81.695,-43.801,1242,261,0.74,5,High-rise,33.22,3.32,True,-1.0,,,,,,,,,,,,False,False,3D_inventory_only,True
IN3D-03-0227,3,227,-106.642,144.073,63.21,3.79,239.56,50.22,0.6,-105.54,144.061,383,227,0.794,1,Single-storey,37.66,3.77,True,-1.0,,,,,,,,,,,,False,False,3D_inventory_only,True
IN3D-03-0228,3,228,81.016,146.793,158.8,7.62,1209.36,146.06,4.48,79.443,146.285,1209,712,0.92,3,Low-rise,109.54,10.95,True,31.0,0.1047259494662284,5437.120740878284,5071.01239439235,IN3D-03-0228,228.0,81.016,146.793,5357.03386326456,5080.277259016086,80.62100025682986,0.1937899974317014,True,True,validated_2D_3D_match,True
IN3D-03-0229,3,229,56.468,162.424,110.38,6.69,738.7,103.76,4.02,56.679,163.192,946,525,0.94,2,Low-rise,77.82,7.78,True,-1.0,,,,,,,,,,,,False,False,3D_inventory_only,True
IN3D-03-0230,3,230,99.949,33.295,109.44,12.22,1337.7,79.9,3.13,100.159,31.488,1425,337,0.73,4,Mid-rise,59.92,5.99,True,-1.0,,,,,,,,,,,,False,False,3D_inventory_only,True
IN3D-03-0231,3,231,11.437,235.101,73.79,10.99,811.22,33.35,2.44,6.466,235.262,859,202,0.452,4,Mid-rise,25.01,2.5,True,-1.0,,,,,,,,,,,,False,False,3D_inventory_only,True
IN3D-03-0232,3,232,-108.509,188.132,141.0,14.74,2078.57,121.84,3.75,-108.275,188.39,1899,713,0.864,5,Mid-rise,91.38,9.14,True,-1.0,,,,,,,,,,,,False,False,3D_inventory_only,True
IN3D-03-0233,3,233,100.195,176.61,101.53,13.22,1342.06,73.91,1.35,100.536,177.069,1407,369,0.728,4,Mid-rise,55.43,5.54,True,-1.0,,,,,,,,,,,,False,False,3D_inventory_only,True
IN3D-03-0234,3,234,-119.783,72.951,162.91,7.32,1193.33,134.19,2.87,-121.055,72.324,1143,712,0.824,2,Low-rise,100.64,10.06,True,-1.0,,,,,,,,,,,,False,False,3D_inventory_only,True
IN3D-03-0235,3,235,-120.934,175.317,50.84,6.82,346.58,43.53,2.36,-120.791,174.895,711,238,0.856,2,Low-rise,32.65,3.26,True,-1.0,,,,,,,,,,,,False,False,3D_inventory_only,True
IN3D-03-0236,3,236,-75.309,227.1,146.56,14.71,2156.29,129.45,4.44,-76.187,226.45,1778,684,0.883,5,Mid-rise,97.09,9.71,True,-1.0,,,,,,,,,,,,False,False,3D_inventory_only,True
IN3D-03-0237,3,237,-113.716,29.209,167.79,16.2,2718.35,126.57,5.65,-113.274,29.005,3504,807,0.754,5,High-rise,94.93,9.49,True,-1.0,,,,,,,,,,,,False,False,3D_inventory_only,True
IN3D-03-0238,3,238,-130.174,-22.096,167.73,13.75,2306.4,135.56,3.37,-129.489,-22.562,2660,708,0.808,5,Mid-rise,101.67,10.17,True,-1.0,,,,,,,,,,,,False,False,3D_inventory_only,True
IN3D-03-0239,3,239,-125.489,158.728,53.79,6.15,330.55,46.64,3.0,-126.128,158.745,431,252,0.867,2,Low-rise,34.98,3.5,True,-1.0,,,,,,,,,,,,False,False,3D_inventory_only,True
IN3D-03-0240,3,240,70.597,198.633,117.25,14.48,1698.05,99.55,3.86,70.48,198.417,2318,659,0.849,5,Mid-rise,74.66,7.47,True,-1.0,,,,,,,,,,,,False,False,3D_inventory_only,True
IN3D-03-0241,3,241,-39.126,225.967,139.67,11.73,1638.4,120.32,3.59,-38.493,224.896,1897,769,0.861,4,Mid-rise,90.24,9.02,True,-1.0,,,,,,,,,,,,False,False,3D_inventory_only,True
IN3D-03-0242,3,242,-19.738,207.949,150.79,13.68,2062.56,97.1,2.99,-19.013,209.43,1829,577,0.644,5,Mid-rise,72.82,7.28,True,-1.0,,,,,,,,,,,,False,False,3D_inventory_only,True
IN3D-03-0243,3,243,-9.482,169.903,132.62,8.15,1080.81,119.42,2.86,-10.1,169.561,1615,586,0.9,3,Mid-rise,89.56,8.96,True,-1.0,,,,,,,,,,,,False,False,3D_inventory_only,True
IN3D-03-0244,3,244,-91.854,190.451,70.32,6.24,438.64,56.35,1.61,-91.124,190.154,599,271,0.801,2,Low-rise,42.26,4.23,True,-1.0,,,,,,,,,,,,False,False,3D_inventory_only,True
IN3D-03-0245,3,245,73.199,131.876,177.44,10.6,1881.28,114.35,3.19,73.979,133.996,1703,574,0.644,4,Mid-rise,85.76,8.58,True,-1.0,,,,,,,,,,,,False,False,3D_inventory_only,True
IN3D-03-0246,3,246,-11.875,217.443,159.86,14.75,2358.15,131.84,4.17,-13.779,216.994,2195,879,0.825,5,Mid-rise,98.88,9.89,True,-1.0,,,,,,,,,,,,False,False,3D_inventory_only,True
IN3D-03-0247,3,247,-13.316,148.987,186.63,18.27,3409.24,147.82,15.33,-12.87,149.366,3370,801,0.792,6,High-rise,110.86,11.09,True,-1.0,,,,,,,,,,,,False,False,3D_inventory_only,True
IN3D-03-0248,3,248,48.091,223.643,163.19,11.92,1945.56,137.27,5.26,48.345,224.4,1798,716,0.841,4,Mid-rise,102.95,10.3,True,-1.0,,,,,,,,,,,,False,False,3D_inventory_only,True
IN3D-03-0249,3,249,35.106,150.962,268.79,8.29,2227.51,171.52,4.71,35.166,149.096,1733,744,0.638,3,Mid-rise,128.64,12.86,True,6.0,0.1811375617980957,4153.456912622527,5190.241144987672,IN3D-03-0249,249.0,35.106,150.962,4230.3093595882,5133.787368470537,95.35894026077555,0.0464105973922442,True,True,validated_2D_3D_match,True
IN3D-03-0250,3,250,-86.973,195.155,59.4,9.19,546.12,51.37,9.19,-86.926,195.202,632,340,0.865,3,Mid-rise,38.53,3.85,True,-1.0,,,,,,,,,,,,False,False,3D_inventory_only,True
IN3D-03-0251,3,251,-125.281,-43.063,51.31,11.9,610.61,39.07,6.66,-124.226,-44.003,948,198,0.761,4,Mid-rise,29.3,2.93,True,-1.0,,,,,,,,,,,,False,False,3D_inventory_only,True
IN3D-03-0252,3,252,-118.12,93.72,106.59,14.66,1562.73,94.71,4.22,-118.941,93.505,1828,523,0.889,5,Mid-rise,71.03,7.1,True,-1.0,,,,,,,,,,,,False,False,3D_inventory_only,True
IN3D-03-0253,3,253,69.594,219.698,98.68,7.0,690.44,83.22,2.97,69.608,220.256,739,466,0.843,2,Low-rise,62.42,6.24,True,-1.0,,,,,,,,,,,,False,False,3D_inventory_only,True
IN3D-03-0254,3,254,0.118,123.516,39.37,7.66,301.73,31.03,2.31,1.149,123.472,531,198,0.788,3,Low-rise,23.27,2.33,True,-1.0,,,,,,,,,,,,False,False,3D_inventory_only,True
IN3D-03-0255,3,255,-119.509,106.126,185.49,14.52,2694.09,151.85,4.82,-119.478,105.799,3009,936,0.819,5,Mid-rise,113.89,11.39,True,-1.0,,,,,,,,,,,,False,False,3D_inventory_only,True
IN3D-03-0256,3,256,60.608,219.502,108.9,13.07,1423.75,94.1,3.16,60.601,220.984,1474,515,0.864,4,Mid-rise,70.57,7.06,True,-1.0,,,,,,,,,,,,False,False,3D_inventory_only,True
IN3D-03-0257,3,257,-117.496,-4.129,282.26,14.06,3968.33,177.81,5.53,-116.927,-4.697,4126,866,0.63,5,Mid-rise,133.36,13.34,True,-1.0,,,,,,,,,,,,False,False,3D_inventory_only,True
IN3D-03-0258,3,258,-127.009,83.631,147.67,13.48,1990.34,130.46,3.74,-127.443,83.718,1796,717,0.883,4,Mid-rise,97.84,9.78,True,-1.0,,,,,,,,,,,,False,False,3D_inventory_only,True
IN3D-03-0259,3,259,-70.065,80.802,122.24,7.89,964.38,114.5,2.6,-71.518,81.646,996,591,0.937,3,Low-rise,85.88,8.59,True,-1.0,,,,,,,,,,,,False,False,3D_inventory_only,True
IN3D-03-0260,3,260,-1.209,62.079,77.08,14.03,1081.1,50.06,2.85,-0.793,63.673,1731,300,0.649,5,Mid-rise,37.54,3.75,True,-1.0,,,,,,,,,,,,False,False,3D_inventory_only,True
IN3D-03-0261,3,261,-130.412,94.721,85.08,8.86,754.05,73.78,2.32,-128.657,93.913,843,371,0.867,3,Mid-rise,55.34,5.53,True,-1.0,,,,,,,,,,,,False,False,3D_inventory_only,True
IN3D-03-0262,3,262,-121.321,-32.608,147.94,13.06,1931.56,128.22,3.62,-120.138,-31.685,1874,681,0.867,4,Mid-rise,96.16,9.62,True,-1.0,,,,,,,,,,,,False,False,3D_inventory_only,True
IN3D-03-0263,3,263,24.989,222.728,118.97,13.51,1606.71,82.07,2.25,24.737,224.448,1525,450,0.69,5,Mid-rise,61.55,6.15,True,-1.0,,,,,,,,,,,,False,False,3D_inventory_only,True
IN3D-03-0264,3,264,98.925,130.35,145.87,14.45,2108.29,60.92,11.6,100.02,129.66,1832,375,0.418,5,Mid-rise,45.69,4.57,True,-1.0,,,,,,,,,,,,False,False,3D_inventory_only,True
IN3D-03-0265,3,265,53.897,235.092,43.51,10.88,473.35,36.63,2.23,54.131,235.691,659,236,0.842,4,Mid-rise,27.47,2.75,True,-1.0,,,,,,,,,,,,False,False,3D_inventory_only,True
IN3D-03-0266,3,266,-127.787,123.67,37.53,3.83,143.84,34.16,1.45,-127.666,123.822,390,202,0.91,1,Single-storey,25.62,2.56,True,-1.0,,,,,,,,,,,,False,False,3D_inventory_only,True
IN3D-03-0267,3,267,80.556,196.907,51.68,6.08,314.26,44.98,5.18,80.466,195.938,556,325,0.87,2,Low-rise,33.74,3.37,True,-1.0,,,,,,,,,,,,False,False,3D_inventory_only,True
IN3D-03-0268,3,268,-79.952,72.482,117.93,7.45,878.1,110.41,2.7,-80.068,73.704,1070,587,0.936,2,Low-rise,82.81,8.28,True,-1.0,,,,,,,,,,,,False,False,3D_inventory_only,True
IN3D-03-0269,3,269,-7.819,234.61,34.73,12.75,442.66,31.77,2.71,-8.33,235.209,824,190,0.915,4,Mid-rise,23.83,2.38,True,-1.0,,,,,,,,,,,,False,False,3D_inventory_only,True
IN3D-03-0270,3,270,15.28,225.542,161.31,15.57,2511.75,91.14,4.59,16.522,224.812,2157,473,0.565,5,High-rise,68.36,6.84,True,-1.0,,,,,,,,,,,,False,False,3D_inventory_only,True
IN3D-03-0271,3,271,45.191,233.925,40.49,6.77,274.24,38.11,2.23,44.814,234.49,339,238,0.941,2,Low-rise,28.58,2.86,True,-1.0,,,,,,,,,,,,False,False,3D_inventory_only,True
IN3D-03-0272,3,272,97.799,218.677,194.82,14.7,2863.35,148.06,7.33,96.655,218.624,3222,723,0.76,5,Mid-rise,111.04,11.1,True,-1.0,,,,,,,,,,,,False,False,3D_inventory_only,True
IN3D-03-0273,3,273,-91.169,232.584,208.46,13.89,2895.16,167.73,3.57,-92.152,231.833,1941,878,0.805,5,Mid-rise,125.8,12.58,True,-1.0,,,,,,,,,,,,False,False,3D_inventory_only,True
IN3D-03-0274,3,274,-107.488,203.872,120.81,14.97,1809.06,97.14,5.4,-107.371,204.088,1647,516,0.804,5,Mid-rise,72.86,7.29,True,-1.0,,,,,,,,,,,,False,False,3D_inventory_only,True
IN3D-03-0275,3,275,95.935,-35.692,270.36,8.07,2181.67,261.43,4.48,96.283,-35.95,1381,1316,0.967,3,Mid-rise,196.07,19.61,True,-1.0,,,,,,,,,,,,False,False,3D_inventory_only,True
IN3D-03-0276,3,276,-110.83,230.089,189.58,13.63,2584.68,121.03,4.59,-108.622,231.889,2005,607,0.638,5,Mid-rise,90.77,9.08,True,-1.0,,,,,,,,,,,,False,False,3D_inventory_only,True
IN3D-03-0277,3,277,-102.237,223.488,72.7,12.84,933.39,56.67,2.52,-100.167,224.481,831,267,0.78,4,Mid-rise,42.5,4.25,True,-1.0,,,,,,,,,,,,False,False,3D_inventory_only,True
IN3D-03-0278,3,278,22.328,197.783,30.54,7.46,227.9,22.47,1.81,21.772,197.879,380,160,0.736,2,Low-rise,16.85,1.68,True,-1.0,,,,,,,,,,,,False,False,3D_inventory_only,True
IN3D-03-0279,3,279,-101.969,211.911,120.55,15.29,1842.65,78.02,2.87,-101.108,211.419,1980,456,0.647,5,High-rise,58.52,5.85,True,-1.0,,,,,,,,,,,,False,False,3D_inventory_only,True
IN3D-03-0280,3,280,-94.227,220.436,94.25,14.99,1412.47,30.07,2.24,-91.726,222.037,964,178,0.319,5,Mid-rise,22.55,2.26,True,-1.0,,,,,,,,,,,,False,False,3D_inventory_only,True
IN3D-03-0281,3,281,94.684,182.577,97.96,10.5,1028.61,56.12,5.45,95.194,184.666,820,350,0.573,4,Mid-rise,42.09,4.21,True,-1.0,,,,,,,,,,,,False,False,3D_inventory_only,True
IN3D-03-0282,3,282,81.161,234.269,104.23,7.14,744.63,87.43,2.36,80.971,234.799,747,370,0.839,2,Low-rise,65.57,6.56,True,-1.0,,,,,,,,,,,,False,False,3D_inventory_only,True
IN3D-03-0283,3,283,90.748,208.612,49.73,4.41,219.2,42.83,2.51,90.651,209.064,383,217,0.861,1,Low-rise,32.12,3.21,True,-1.0,,,,,,,,,,,,False,False,3D_inventory_only,True
IN3D-03-0284,3,284,-10.87,101.502,59.3,4.57,270.95,54.57,2.21,-10.511,100.849,419,285,0.92,2,Low-rise,40.93,4.09,True,-1.0,,,,,,,,,,,,False,False,3D_inventory_only,True
IN3D-03-0285,3,285,-5.353,208.338,64.53,3.47,224.02,43.75,1.63,-4.698,209.418,410,211,0.678,1,Single-storey,32.81,3.28,True,-1.0,,,,,,,,,,,,False,False,3D_inventory_only,True
IN3D-03-0286,3,286,85.729,169.789,47.3,4.73,223.73,46.25,1.86,85.406,168.984,352,234,0.978,2,Low-rise,34.69,3.47,True,-1.0,,,,,,,,,,,,False,False,3D_inventory_only,True
IN3D-03-0287,3,287,103.707,154.279,30.78,13.86,426.56,18.36,11.61,103.716,152.731,457,102,0.596,5,Mid-rise,13.77,1.38,True,-1.0,,,,,,,,,,,,False,False,3D_inventory_only,True
IN3D-03-0288,3,288,83.402,120.005,29.74,4.58,136.33,27.55,1.15,84.246,120.233,303,148,0.926,2,Low-rise,20.66,2.07,True,-1.0,,,,,,,,,,,,False,False,3D_inventory_only,True
IN3D-03-0289,3,289,33.062,135.61,27.61,3.43,94.56,24.01,1.73,33.097,135.41,267,152,0.87,1,Single-storey,18.01,1.8,True,-1.0,,,,,,,,,,,,False,False,3D_inventory_only,True
IN3D-03-0290,3,290,-49.11,125.857,36.67,4.37,160.4,34.3,2.45,-48.95,125.96,335,232,0.935,1,Low-rise,25.72,2.57,True,-1.0,,,,,,,,,,,,False,False,3D_inventory_only,True
IN3D-03-0291,3,291,-57.469,138.897,83.61,5.61,468.83,76.67,3.32,-57.691,139.649,499,358,0.917,2,Low-rise,57.5,5.75,True,-1.0,,,,,,,,,,,,False,False,3D_inventory_only,True
IN3D-03-0292,3,292,-115.997,62.291,105.12,10.26,1078.76,93.28,3.91,-116.461,63.024,1363,469,0.887,3,Mid-rise,69.96,7.0,True,-1.0,,,,,,,,,,,,False,False,3D_inventory_only,True
IN3D-03-0293,3,293,-107.605,168.476,112.77,5.16,581.74,84.76,2.54,-106.947,168.446,759,372,0.752,2,Low-rise,63.57,6.36,True,-1.0,,,,,,,,,,,,False,False,3D_inventory_only,True
IN3D-03-0294,3,294,-97.23,195.918,100.47,4.97,499.18,92.47,2.41,-97.184,194.735,708,434,0.92,2,Low-rise,69.35,6.94,True,-1.0,,,,,,,,,,,,False,False,3D_inventory_only,True
IN3D-03-0295,3,295,11.489,70.541,61.44,3.36,206.58,29.72,2.1,14.41,68.989,373,170,0.484,1,Single-storey,22.29,2.23,True,-1.0,,,,,,,,,,,,False,False,3D_inventory_only,True
IN3D-03-0296,3,296,-33.452,-17.296,52.5,4.38,229.77,49.29,1.54,-33.196,-16.298,364,218,0.939,1,Low-rise,36.97,3.7,True,-1.0,,,,,,,,,,,,False,False,3D_inventory_only,True
IN3D-03-0297,3,297,2.21,-37.929,104.12,4.86,505.56,94.65,4.06,1.887,-38.387,657,492,0.909,2,Low-rise,70.99,7.1,True,-1.0,,,,,,,,,,,,False,False,3D_inventory_only,True
IN3D-03-0298,3,298,-25.301,-33.024,37.17,3.48,129.41,31.56,2.91,-25.712,-33.342,280,178,0.849,1,Single-storey,23.67,2.37,True,-1.0,,,,,,,,,,,,False,False,3D_inventory_only,True
IN3D-03-0299,3,299,-12.383,-44.611,12.55,13.09,164.31,9.03,1.24,-13.528,-44.994,431,69,0.72,4,Mid-rise,6.77,0.68,True,-1.0,,,,,,,,,,,,False,False,3D_inventory_only,True
IN3D-03-0300,3,300,-41.452,-23.484,93.26,13.46,1255.73,63.26,3.35,-42.266,-24.45,1500,402,0.678,4,Mid-rise,47.44,4.74,True,-1.0,,,,,,,,,,,,False,False,3D_inventory_only,True
IN3D-03-0301,3,301,-133.205,-37.956,57.2,5.05,288.65,48.25,2.35,-133.193,-38.064,572,313,0.844,2,Low-rise,36.19,3.62,True,-1.0,,,,,,,,,,,,False,False,3D_inventory_only,True
IN3D-03-0302,3,302,-108.542,-41.538,70.71,13.51,955.36,60.2,4.84,-108.914,-42.636,1427,399,0.851,5,Mid-rise,45.15,4.51,True,-1.0,,,,,,,,,,,,False,False,3D_inventory_only,True
IN3D-03-0303,3,303,-94.834,-41.223,66.86,13.21,883.0,54.12,3.14,-93.981,-42.49,1242,417,0.809,4,Mid-rise,40.59,4.06,True,-1.0,,,,,,,,,,,,False,False,3D_inventory_only,True
IN3D-03-0304,3,304,-131.134,57.527,103.2,10.49,1082.44,58.65,3.23,-133.043,59.345,1038,279,0.568,3,Mid-rise,43.99,4.4,True,-1.0,,,,,,,,,,,,False,False,3D_inventory_only,True
IN3D-03-0305,3,305,-133.191,101.726,57.51,10.73,616.98,49.32,3.38,-133.682,103.088,596,236,0.858,4,Mid-rise,36.99,3.7,True,-1.0,,,,,,,,,,,,False,False,3D_inventory_only,True
IN3D-03-0306,3,306,103.142,87.469,45.46,14.17,644.19,11.41,1.4,102.995,90.211,1056,96,0.251,5,Mid-rise,8.56,0.86,True,-1.0,,,,,,,,,,,,False,False,3D_inventory_only,True
IN3D-03-0307,3,307,83.072,222.113,81.44,6.71,546.21,69.17,2.25,82.145,221.348,504,363,0.849,2,Low-rise,51.88,5.19,True,-1.0,,,,,,,,,,,,False,False,3D_inventory_only,True
IN3D-03-0308,3,308,4.46,229.074,47.81,8.41,401.98,38.08,6.21,4.92,229.355,616,207,0.796,3,Mid-rise,28.56,2.86,True,-1.0,,,,,,,,,,,,False,False,3D_inventory_only,True
IN3D-03-0309,3,309,3.41,133.691,27.03,3.91,105.66,25.85,1.81,3.05,133.5,163,137,0.956,1,Single-storey,19.39,1.94,True,-1.0,,,,,,,,,,,,False,False,3D_inventory_only,True
IN3D-03-0310,3,310,-2.577,138.258,34.4,2.24,76.99,26.87,1.81,-2.735,138.537,220,158,0.781,1,Single-storey,20.15,2.01,True,-1.0,,,,,,,,,,,,False,False,3D_inventory_only,True
IN3D-03-0311,3,311,33.302,25.551,52.31,4.22,220.72,30.06,1.98,32.067,25.771,415,208,0.575,1,Low-rise,22.54,2.25,True,-1.0,,,,,,,,,,,,False,False,3D_inventory_only,True
IN3D-03-0312,3,312,37.461,-39.425,140.84,14.25,2007.27,101.5,4.59,36.549,-40.61,2252,684,0.721,5,Mid-rise,76.12,7.61,True,-1.0,,,,,,,,,,,,False,False,3D_inventory_only,True
IN3D-03-0313,3,313,-82.754,-5.737,241.62,5.02,1213.83,193.17,3.49,-82.66,-7.541,1042,746,0.799,2,Low-rise,144.88,14.49,True,-1.0,,,,,,,,,,,,False,False,3D_inventory_only,True
IN3D-03-0314,3,314,86.061,3.486,62.15,4.89,303.87,61.32,2.49,85.797,3.952,458,354,0.987,2,Low-rise,45.99,4.6,True,-1.0,,,,,,,,,,,,False,False,3D_inventory_only,True
IN3D-03-0315,3,315,-15.798,108.541,31.56,3.7,116.63,23.34,1.51,-15.381,108.273,250,135,0.74,1,Single-storey,17.5,1.75,True,-1.0,,,,,,,,,,,,False,False,3D_inventory_only,True
IN3D-03-0316,3,316,-21.04,98.539,55.21,4.75,262.12,48.57,3.39,-21.425,98.313,403,234,0.88,2,Low-rise,36.43,3.64,True,-1.0,,,,,,,,,,,,False,False,3D_inventory_only,True
IN3D-03-0317,3,317,-109.018,97.227,89.73,6.02,540.23,59.19,1.95,-109.992,98.005,681,343,0.66,2,Low-rise,44.39,4.44,True,-1.0,,,,,,,,,,,,False,False,3D_inventory_only,True
IN3D-03-0318,3,318,-105.959,105.065,36.43,6.22,226.55,32.21,1.09,-106.532,104.208,444,134,0.884,2,Low-rise,24.16,2.42,True,-1.0,,,,,,,,,,,,False,False,3D_inventory_only,True
IN3D-03-0319,3,319,-34.852,109.164,57.06,5.37,306.37,51.03,2.13,-34.022,110.098,496,252,0.894,2,Low-rise,38.27,3.83,True,-1.0,,,,,,,,,,,,False,False,3D_inventory_only,True
IN3D-03-0320,3,320,-14.851,86.522,94.97,7.67,728.66,76.89,2.43,-13.021,87.616,787,405,0.81,3,Low-rise,57.67,5.77,True,-1.0,,,,,,,,,,,,False,False,3D_inventory_only,True
IN3D-03-0321,3,321,-10.853,94.427,48.28,4.65,224.31,38.67,2.31,-10.649,93.915,284,186,0.801,2,Low-rise,29.0,2.9,True,22.0,0.1161491423845291,3029.442260673312,4432.015422230581,IN3D-03-0321,321.0,-10.853,94.427,3102.3822965417644,4408.147157866697,76.74596325693872,0.2325403674306128,True,True,validated_2D_3D_match,True
IN3D-04-0000,4,0,22.509,-81.7,119.01,6.23,741.64,109.95,2.77,22.974,-82.459,760,414,0.924,2,Low-rise,82.46,8.25,True,-1.0,,,,,,,,,,,,False,False,3D_inventory_only,True
IN3D-04-0001,4,1,23.465,-102.566,164.97,8.59,1416.66,150.57,2.56,23.417,-102.272,1564,571,0.913,3,Mid-rise,112.93,11.29,True,-1.0,,,,,,,,,,,,False,False,3D_inventory_only,True
IN3D-04-0002,4,2,54.997,-55.088,74.35,5.78,429.52,67.71,2.27,54.948,-54.436,537,294,0.911,2,Low-rise,50.78,5.08,True,-1.0,,,,,,,,,,,,False,False,3D_inventory_only,True
IN3D-04-0003,4,3,21.745,-150.812,77.1,4.54,350.31,72.39,1.64,21.242,-151.059,555,281,0.939,2,Low-rise,54.29,5.43,True,-1.0,,,,,,,,,,,,False,False,3D_inventory_only,True
IN3D-04-0004,4,4,44.102,-84.891,109.03,6.49,707.97,103.21,2.7,43.518,-85.772,747,391,0.947,2,Low-rise,77.41,7.74,True,-1.0,,,,,,,,,,,,False,False,3D_inventory_only,True
IN3D-04-0005,4,5,-8.498,-14.659,169.82,6.75,1146.12,154.23,3.92,-8.002,-13.961,1087,624,0.908,2,Low-rise,115.67,11.57,True,-1.0,,,,,,,,,,,,False,False,3D_inventory_only,True
IN3D-04-0006,4,6,75.475,-118.342,116.74,6.59,769.78,108.27,2.34,75.868,-117.885,782,408,0.927,2,Low-rise,81.2,8.12,True,-1.0,,,,,,,,,,,,False,False,3D_inventory_only,True
IN3D-04-0007,4,7,33.288,-85.721,107.85,6.43,693.91,101.03,2.38,33.282,-86.865,553,375,0.937,2,Low-rise,75.77,7.58,True,-1.0,,,,,,,,,,,,False,False,3D_inventory_only,True
IN3D-04-0008,4,8,60.804,-114.867,204.1,7.16,1460.63,190.0,5.31,61.465,-115.431,1131,655,0.931,2,Low-rise,142.5,14.25,True,-1.0,,,,,,,,,,,,False,False,3D_inventory_only,True
IN3D-04-0009,4,9,89.704,-119.037,160.08,7.32,1172.07,148.52,3.64,89.84,-118.222,943,545,0.928,2,Low-rise,111.39,11.14,True,-1.0,,,,,,,,,,,,False,False,3D_inventory_only,True
IN3D-04-0010,4,10,2.724,-158.066,168.95,6.8,1148.65,159.29,2.62,2.948,-157.663,1115,559,0.943,2,Low-rise,119.47,11.95,True,-1.0,,,,,,,,,,,,False,False,3D_inventory_only,True
IN3D-04-0011,4,11,44.641,-110.519,182.92,10.74,1965.32,163.44,8.69,43.913,-110.732,1648,762,0.894,4,Mid-rise,122.58,12.26,True,-1.0,,,,,,,,,,,,False,False,3D_inventory_only,True
IN3D-04-0012,4,12,73.992,-101.947,106.61,7.73,823.79,98.85,3.45,73.412,-101.51,869,379,0.927,3,Low-rise,74.14,7.41,True,-1.0,,,,,,,,,,,,False,False,3D_inventory_only,True
IN3D-04-0013,4,13,-15.995,-128.74,129.5,9.47,1226.44,120.91,2.61,-15.627,-128.753,1146,448,0.934,3,Mid-rise,90.68,9.07,True,-1.0,,,,,,,,,,,,False,False,3D_inventory_only,True
IN3D-04-0014,4,14,58.283,-166.509,149.88,6.73,1009.32,138.35,4.27,58.306,-166.833,1029,494,0.923,2,Low-rise,103.76,10.38,True,-1.0,,,,,,,,,,,,False,False,3D_inventory_only,True
IN3D-04-0015,4,15,56.0,8.754,175.98,6.75,1188.68,159.46,2.96,56.572,8.43,1146,497,0.906,2,Low-rise,119.6,11.96,True,-1.0,,,,,,,,,,,,False,False,3D_inventory_only,True
IN3D-04-0016,4,16,74.797,-144.401,146.16,6.83,997.86,134.38,3.85,74.431,-144.306,1137,485,0.919,2,Low-rise,100.78,10.08,True,-1.0,,,,,,,,,,,,False,False,3D_inventory_only,True
IN3D-04-0017,4,17,57.207,-73.452,187.42,8.45,1583.49,178.32,6.07,58.07,-73.555,1513,717,0.951,3,Mid-rise,133.74,13.37,True,-1.0,,,,,,,,,,,,False,False,3D_inventory_only,True
IN3D-04-0018,4,18,-19.487,-62.817,160.4,6.66,1068.41,147.12,4.54,-19.769,-63.127,1084,564,0.917,2,Low-rise,110.34,11.03,True,-1.0,,,,,,,,,,,,False,False,3D_inventory_only,True
IN3D-04-0019,4,19,62.19,-126.968,190.21,7.16,1361.48,177.33,5.11,63.188,-126.459,1196,701,0.932,2,Low-rise,133.0,13.3,True,-1.0,,,,,,,,,,,,False,False,3D_inventory_only,True
IN3D-04-0020,4,20,85.188,-5.949,150.69,5.62,847.17,140.45,2.7,85.1,-6.05,957,523,0.932,2,Low-rise,105.34,10.53,True,-1.0,,,,,,,,,,,,False,False,3D_inventory_only,True
IN3D-04-0021,4,21,55.767,24.359,149.35,7.62,1138.52,145.83,3.01,55.099,25.493,1012,541,0.976,3,Low-rise,109.37,10.94,True,-1.0,,,,,,,,,,,,False,False,3D_inventory_only,True
IN3D-04-0022,4,22,57.335,-138.6,266.31,11.46,3051.32,257.9,9.6,57.207,-138.445,1766,855,0.968,4,Mid-rise,193.42,19.34,True,-1.0,,,,,,,,,,,,False,False,3D_inventory_only,True
IN3D-04-0023,4,23,15.483,-162.477,73.72,4.97,366.36,67.88,3.29,15.339,-163.041,460,276,0.921,2,Low-rise,50.91,5.09,True,-1.0,,,,,,,,,,,,False,False,3D_inventory_only,True
IN3D-04-0024,4,24,117.861,-129.98,144.42,8.54,1233.51,115.19,2.64,117.751,-128.839,1364,459,0.798,3,Mid-rise,86.39,8.64,True,-1.0,,,,,,,,,,,,False,False,3D_inventory_only,True
IN3D-04-0025,4,25,-8.153,-2.145,137.07,7.07,969.38,128.66,5.02,-8.373,-1.614,910,558,0.939,2,Low-rise,96.5,9.65,True,-1.0,,,,,,,,,,,,False,False,3D_inventory_only,True
IN3D-04-0026,4,26,7.134,-12.456,180.07,9.93,1787.62,173.44,2.83,6.94,-12.359,1688,658,0.963,3,Mid-rise,130.08,13.01,True,-1.0,,,,,,,,,,,,False,False,3D_inventory_only,True
IN3D-04-0027,4,27,-9.42,-31.792,132.86,9.89,1314.52,118.7,2.58,-9.24,-32.898,1349,500,0.893,3,Mid-rise,89.02,8.9,True,-1.0,,,,,,,,,,,,False,False,3D_inventory_only,True
IN3D-04-0028,4,28,33.568,-54.072,178.29,13.85,2469.18,166.11,6.25,33.534,-53.819,2039,600,0.932,5,Mid-rise,124.58,12.46,True,-1.0,,,,,,,,,,,,False,False,3D_inventory_only,True
IN3D-04-0029,4,29,-24.863,-89.975,169.73,9.42,1598.65,147.3,5.55,-24.226,-89.028,1209,606,0.868,3,Mid-rise,110.48,11.05,True,-1.0,,,,,,,,,,,,False,False,3D_inventory_only,True
IN3D-04-0030,4,30,1.268,202.271,139.44,4.72,657.56,119.22,2.64,0.699,202.927,759,429,0.855,2,Low-rise,89.42,8.94,True,-1.0,,,,,,,,,,,,False,False,3D_inventory_only,True
IN3D-04-0031,4,31,68.089,-156.545,182.16,7.68,1398.57,171.5,6.65,68.799,-156.98,1169,621,0.941,3,Low-rise,128.62,12.86,True,-1.0,,,,,,,,,,,,False,False,3D_inventory_only,True
IN3D-04-0032,4,32,20.01,-134.597,185.0,13.82,2557.52,177.33,10.25,19.646,-134.607,2424,704,0.959,5,Mid-rise,133.0,13.3,True,-1.0,,,,,,,,,,,,False,False,3D_inventory_only,True
IN3D-04-0033,4,33,42.452,-136.62,124.22,13.42,1666.46,118.8,8.78,42.594,-136.371,1627,531,0.956,4,Mid-rise,89.1,8.91,True,-1.0,,,,,,,,,,,,False,False,3D_inventory_only,True
IN3D-04-0034,4,34,69.911,13.567,155.15,12.7,1970.71,139.49,5.9,69.844,13.554,2036,553,0.899,4,Mid-rise,104.62,10.46,True,-1.0,,,,,,,,,,,,False,False,3D_inventory_only,True
IN3D-04-0035,4,35,4.663,-79.712,158.51,8.8,1395.58,146.72,5.01,3.668,-78.79,1177,539,0.926,3,Mid-rise,110.04,11.0,True,-1.0,,,,,,,,,,,,False,False,3D_inventory_only,True
IN3D-04-0036,4,36,118.948,-98.166,181.5,8.89,1613.65,142.02,5.56,119.375,-99.665,1447,591,0.782,3,Mid-rise,106.52,10.65,True,-1.0,,,,,,,,,,,,False,False,3D_inventory_only,True
IN3D-04-0037,4,37,46.809,-51.238,104.52,5.03,525.48,93.99,2.92,47.265,-50.867,546,391,0.899,2,Low-rise,70.49,7.05,True,-1.0,,,,,,,,,,,,False,False,3D_inventory_only,True
IN3D-04-0038,4,38,61.734,38.583,318.33,7.15,2276.12,246.33,1.77,61.357,37.371,1893,749,0.774,2,Low-rise,184.75,18.48,True,-1.0,,,,,,,,,,,,False,False,3D_inventory_only,True
IN3D-04-0039,4,39,31.327,10.3,174.61,15.49,2705.0,144.05,2.78,31.989,10.258,1974,560,0.825,5,High-rise,108.04,10.8,True,-1.0,,,,,,,,,,,,False,False,3D_inventory_only,True
IN3D-04-0040,4,40,5.322,-104.051,193.8,14.68,2843.98,165.84,9.25,4.478,-103.77,2463,704,0.856,5,Mid-rise,124.38,12.44,True,-1.0,,,,,,,,,,,,False,False,3D_inventory_only,True
IN3D-04-0041,4,41,83.217,-164.805,215.48,12.28,2646.74,201.84,9.47,83.287,-164.538,2237,863,0.937,4,Mid-rise,151.38,15.14,True,-1.0,,,,,,,,,,,,False,False,3D_inventory_only,True
IN3D-04-0042,4,42,41.565,-177.311,219.8,13.93,3061.56,210.82,10.58,41.96,-177.385,2081,833,0.959,5,Mid-rise,158.12,15.81,True,-1.0,,,,,,,,,,,,False,False,3D_inventory_only,True
IN3D-04-0043,4,43,18.017,-58.968,131.36,12.15,1595.47,123.26,7.49,17.876,-59.009,1878,525,0.938,4,Mid-rise,92.44,9.24,True,-1.0,,,,,,,,,,,,False,False,3D_inventory_only,True
IN3D-04-0044,4,44,-10.669,-77.998,210.48,15.15,3189.01,169.56,8.9,-10.688,-80.204,1786,643,0.806,5,High-rise,127.17,12.72,True,-1.0,,,,,,,,,,,,False,False,3D_inventory_only,True
IN3D-04-0045,4,45,125.369,-36.666,274.65,13.27,3644.57,232.87,10.13,126.332,-36.624,2674,942,0.848,4,Mid-rise,174.65,17.46,True,-1.0,,,,,,,,,,,,False,False,3D_inventory_only,True
IN3D-04-0046,4,46,70.946,-88.927,209.33,15.95,3339.56,187.51,13.79,70.864,-89.161,2171,744,0.896,5,High-rise,140.63,14.06,True,-1.0,,,,,,,,,,,,False,False,3D_inventory_only,True
IN3D-04-0047,4,47,137.134,-51.195,129.55,3.96,512.48,116.92,1.77,137.621,-50.239,656,383,0.903,1,Single-storey,87.69,8.77,True,-1.0,,,,,,,,,,,,False,False,3D_inventory_only,True
IN3D-04-0048,4,48,103.196,-134.079,163.67,5.88,962.4,147.63,4.69,103.538,-133.364,973,557,0.902,2,Low-rise,110.72,11.07,True,-1.0,,,,,,,,,,,,False,False,3D_inventory_only,True
IN3D-04-0049,4,49,-18.178,-112.985,199.06,13.27,2642.27,182.82,12.46,-18.581,-113.601,1959,769,0.918,4,Mid-rise,137.12,13.71,True,-1.0,,,,,,,,,,,,False,False,3D_inventory_only,True
IN3D-04-0050,4,50,114.372,34.297,214.27,4.57,978.58,201.36,2.06,114.432,33.763,1097,659,0.94,2,Low-rise,151.02,15.1,True,-1.0,,,,,,,,,,,,False,False,3D_inventory_only,True
IN3D-04-0051,4,51,-1.282,-121.379,183.18,12.88,2359.63,163.56,7.51,-1.972,-122.097,1858,647,0.893,4,Mid-rise,122.67,12.27,True,-1.0,,,,,,,,,,,,False,False,3D_inventory_only,True
IN3D-04-0052,4,52,43.101,7.216,150.12,8.06,1209.68,139.96,5.87,42.177,7.214,947,547,0.932,3,Mid-rise,104.97,10.5,True,-1.0,,,,,,,,,,,,False,False,3D_inventory_only,True
IN3D-04-0053,4,53,82.851,351.774,201.48,7.47,1505.97,192.74,4.68,81.992,352.325,1322,711,0.957,2,Low-rise,144.56,14.46,True,-1.0,,,,,,,,,,,,False,False,3D_inventory_only,True
IN3D-04-0054,4,54,149.135,-47.93,157.23,8.39,1319.91,147.24,3.69,150.062,-47.043,976,560,0.936,3,Mid-rise,110.43,11.04,True,-1.0,,,,,,,,,,,,False,False,3D_inventory_only,True
IN3D-04-0055,4,55,-34.74,-109.588,217.51,13.48,2931.57,194.82,10.93,-35.323,-110.276,1942,776,0.896,4,Mid-rise,146.12,14.61,True,-1.0,,,,,,,,,,,,False,False,3D_inventory_only,True
IN3D-04-0056,4,56,91.828,-148.38,236.2,14.12,3336.3,195.28,2.74,91.282,-148.571,2852,791,0.827,5,Mid-rise,146.46,14.65,True,-1.0,,,,,,,,,,,,False,False,3D_inventory_only,True
IN3D-04-0057,4,57,118.252,-114.738,177.94,7.1,1264.12,170.15,4.62,118.982,-114.797,965,500,0.956,2,Low-rise,127.61,12.76,True,-1.0,,,,,,,,,,,,False,False,3D_inventory_only,True
IN3D-04-0058,4,58,42.837,37.477,164.8,5.79,953.77,143.8,3.26,42.699,37.447,841,496,0.873,2,Low-rise,107.85,10.78,True,-1.0,,,,,,,,,,,,False,False,3D_inventory_only,True
IN3D-04-0059,4,59,46.904,352.222,213.7,13.98,2987.23,183.22,5.6,46.678,352.095,2580,729,0.857,5,Mid-rise,137.42,13.74,True,-1.0,,,,,,,,,,,,False,False,3D_inventory_only,True
IN3D-04-0060,4,60,-45.137,-118.56,231.79,13.99,3242.32,216.31,9.62,-43.405,-118.713,2326,821,0.933,5,Mid-rise,162.23,16.22,True,-1.0,,,,,,,,,,,,False,False,3D_inventory_only,True
IN3D-04-0061,4,61,54.083,-186.566,151.51,11.85,1795.97,136.88,9.65,54.072,-185.451,1740,577,0.903,4,Mid-rise,102.66,10.27,True,-1.0,,,,,,,,,,,,False,False,3D_inventory_only,True
IN3D-04-0062,4,62,61.13,-100.442,112.94,4.39,495.66,107.73,3.97,61.891,-100.059,644,367,0.954,1,Low-rise,80.8,8.08,True,-1.0,,,,,,,,,,,,False,False,3D_inventory_only,True
IN3D-04-0063,4,63,99.734,193.874,474.3,7.51,3562.13,441.05,5.84,101.023,194.168,2293,1471,0.93,3,Low-rise,330.79,33.08,True,-1.0,,,,,,,,,,,,False,False,3D_inventory_only,True
IN3D-04-0064,4,64,39.862,-65.604,208.7,12.29,2564.29,192.63,11.15,39.327,-64.469,2314,786,0.923,4,Mid-rise,144.47,14.45,True,-1.0,,,,,,,,,,,,False,False,3D_inventory_only,True
IN3D-04-0065,4,65,6.849,-190.876,291.02,11.19,3256.96,274.84,6.71,6.614,-190.657,2620,1138,0.944,4,Mid-rise,206.13,20.61,True,-1.0,,,,,,,,,,,,False,False,3D_inventory_only,True
IN3D-04-0066,4,66,16.645,-44.057,256.18,14.26,3652.31,231.38,13.47,16.376,-45.442,2318,856,0.903,5,Mid-rise,173.54,17.35,True,-1.0,,,,,,,,,,,,False,False,3D_inventory_only,True
IN3D-04-0067,4,67,29.421,24.092,164.07,16.38,2687.76,120.55,5.17,29.627,23.793,1984,555,0.735,5,High-rise,90.41,9.04,True,-1.0,,,,,,,,,,,,False,False,3D_inventory_only,True
IN3D-04-0068,4,68,110.01,51.734,255.03,9.33,2379.35,228.89,3.13,110.633,52.367,2012,822,0.898,3,Mid-rise,171.67,17.17,True,-1.0,,,,,,,,,,,,False,False,3D_inventory_only,True
IN3D-04-0069,4,69,97.53,-78.818,147.97,6.99,1033.69,138.56,4.64,97.334,-78.606,1034,527,0.936,2,Low-rise,103.92,10.39,True,-1.0,,,,,,,,,,,,False,False,3D_inventory_only,True
IN3D-04-0070,4,70,38.388,-38.246,331.17,13.78,4564.44,313.96,6.45,39.538,-38.206,3172,1129,0.948,5,Mid-rise,235.47,23.55,True,-1.0,,,,,,,,,,,,False,False,3D_inventory_only,True
IN3D-04-0071,4,71,-11.654,-167.314,128.82,13.18,1698.03,120.69,6.19,-11.682,-167.135,1796,528,0.937,4,Mid-rise,90.52,9.05,True,-1.0,,,,,,,,,,,,False,False,3D_inventory_only,True
IN3D-04-0072,4,72,31.183,-3.129,127.02,13.97,1774.35,111.63,11.57,31.757,-2.44,1530,444,0.879,5,Mid-rise,83.72,8.37,True,-1.0,,,,,,,,,,,,False,False,3D_inventory_only,True
IN3D-04-0073,4,73,-27.096,-73.607,152.63,9.69,1479.46,130.0,5.79,-26.816,-73.99,1176,482,0.852,3,Mid-rise,97.5,9.75,True,-1.0,,,,,,,,,,,,False,False,3D_inventory_only,True
IN3D-04-0074,4,74,125.436,214.991,145.79,5.83,849.5,128.37,2.38,124.328,215.528,805,444,0.881,2,Low-rise,96.28,9.63,True,-1.0,,,,,,,,,,,,False,False,3D_inventory_only,True
IN3D-04-0075,4,75,9.887,3.5,159.35,16.3,2596.76,135.71,3.4,9.741,3.641,2311,587,0.852,5,High-rise,101.78,10.18,True,-1.0,,,,,,,,,,,,False,False,3D_inventory_only,True
IN3D-04-0076,4,76,125.727,197.17,151.84,12.28,1864.64,138.19,8.84,126.055,196.374,1566,511,0.91,4,Mid-rise,103.64,10.36,True,-1.0,,,,,,,,,,,,False,False,3D_inventory_only,True
IN3D-04-0077,4,77,120.921,64.708,116.73,5.1,595.47,113.49,2.2,120.362,63.908,755,465,0.972,2,Low-rise,85.12,8.51,True,-1.0,,,,,,,,,,,,False,False,3D_inventory_only,True
IN3D-04-0078,4,78,-23.875,189.358,137.48,12.03,1653.66,125.57,2.45,-23.839,189.769,1735,513,0.913,4,Mid-rise,94.18,9.42,True,-1.0,,,,,,,,,,,,False,False,3D_inventory_only,True
IN3D-04-0079,4,79,139.303,239.974,138.27,5.07,701.71,130.65,3.37,139.92,239.834,755,468,0.945,2,Low-rise,97.99,9.8,True,-1.0,,,,,,,,,,,,False,False,3D_inventory_only,True
IN3D-04-0080,4,80,111.637,348.276,148.07,12.74,1885.85,127.02,6.33,110.96,348.98,1764,612,0.858,4,Mid-rise,95.26,9.53,True,-1.0,,,,,,,,,,,,False,False,3D_inventory_only,True
IN3D-04-0081,4,81,144.945,-83.689,140.39,13.2,1853.23,135.7,2.86,144.622,-83.163,1595,594,0.967,4,Mid-rise,101.78,10.18,True,-1.0,,,,,,,,,,,,False,False,3D_inventory_only,True
IN3D-04-0082,4,82,39.003,-125.924,69.29,9.29,643.72,67.03,2.7,39.225,-126.345,869,291,0.967,3,Mid-rise,50.27,5.03,True,-1.0,,,,,,,,,,,,False,False,3D_inventory_only,True
IN3D-04-0083,4,83,41.874,24.399,121.7,11.81,1437.16,107.71,4.04,41.815,23.902,1310,495,0.885,4,Mid-rise,80.78,8.08,True,-1.0,,,,,,,,,,,,False,False,3D_inventory_only,True
IN3D-04-0084,4,84,20.879,-94.022,102.0,4.32,440.97,90.55,1.53,22.398,-93.469,535,310,0.888,1,Low-rise,67.91,6.79,True,-1.0,,,,,,,,,,,,False,False,3D_inventory_only,True
IN3D-04-0085,4,85,-48.379,184.245,162.44,14.33,2328.01,135.32,2.49,-48.169,185.044,2107,581,0.833,5,Mid-rise,101.49,10.15,True,-1.0,,,,,,,,,,,,False,False,3D_inventory_only,True
IN3D-04-0086,4,86,92.799,-185.587,190.65,9.61,1832.05,159.32,5.2,92.777,-185.807,1685,650,0.836,3,Mid-rise,119.49,11.95,True,-1.0,,,,,,,,,,,,False,False,3D_inventory_only,True
IN3D-04-0087,4,87,84.238,4.56,157.13,6.57,1032.91,140.62,4.64,85.199,4.454,1041,509,0.895,2,Low-rise,105.46,10.55,True,-1.0,,,,,,,,,,,,False,False,3D_inventory_only,True
IN3D-04-0088,4,88,27.813,348.546,209.88,13.86,2909.97,182.25,5.54,27.225,348.555,2472,719,0.868,5,Mid-rise,136.69,13.67,True,-1.0,,,,,,,,,,,,False,False,3D_inventory_only,True
IN3D-04-0089,4,89,56.37,-11.51,155.07,9.88,1532.7,126.28,2.23,55.801,-11.524,1538,413,0.814,3,Mid-rise,94.71,9.47,True,-1.0,,,,,,,,,,,,False,False,3D_inventory_only,True
IN3D-04-0090,4,90,-37.391,-140.171,184.17,15.33,2822.4,154.06,7.26,-37.528,-140.157,2453,661,0.837,5,High-rise,115.54,11.55,True,-1.0,,,,,,,,,,,,False,False,3D_inventory_only,True
IN3D-04-0091,4,91,94.947,18.611,142.78,8.75,1248.9,135.44,7.81,94.784,18.357,1091,514,0.949,3,Mid-rise,101.58,10.16,True,-1.0,,,,,,,,,,,,False,False,3D_inventory_only,True
IN3D-04-0092,4,92,107.11,359.717,176.86,9.32,1647.66,154.0,7.51,107.388,359.526,1239,544,0.871,3,Mid-rise,115.5,11.55,True,-1.0,,,,,,,,,,,,False,False,3D_inventory_only,True
IN3D-04-0093,4,93,145.68,197.138,226.24,12.7,2874.06,216.62,10.45,145.234,196.791,2331,949,0.957,4,Mid-rise,162.46,16.25,True,-1.0,,,,,,,,,,,,False,False,3D_inventory_only,True
IN3D-04-0094,4,94,-14.414,-147.126,50.98,4.64,236.43,48.34,3.66,-14.24,-147.254,415,210,0.948,2,Low-rise,36.26,3.63,True,-1.0,,,,,,,,,,,,False,False,3D_inventory_only,True
IN3D-04-0095,4,95,99.106,206.781,87.15,7.88,686.67,75.88,0.66,99.589,206.326,944,268,0.871,3,Low-rise,56.91,5.69,True,-1.0,,,,,,,,,,,,False,False,3D_inventory_only,True
IN3D-04-0096,4,96,22.168,-14.476,199.93,15.16,3031.72,172.79,12.77,22.348,-16.127,2506,877,0.864,5,High-rise,129.59,12.96,True,-1.0,,,,,,,,,,,,False,False,3D_inventory_only,True
IN3D-04-0097,4,97,137.895,-102.797,148.63,11.68,1735.43,142.07,4.76,138.169,-102.7,1983,600,0.956,4,Mid-rise,106.55,10.66,True,-1.0,,,,,,,,,,,,False,False,3D_inventory_only,True
IN3D-04-0098,4,98,85.132,247.82,406.13,14.36,5832.38,383.91,10.68,85.242,247.471,4002,1390,0.945,5,Mid-rise,287.93,28.79,True,-1.0,,,,,,,,,,,,False,False,3D_inventory_only,True
IN3D-04-0099,4,99,156.339,257.602,153.63,13.89,2134.32,147.47,2.95,156.135,257.852,2156,612,0.96,5,Mid-rise,110.6,11.06,True,-1.0,,,,,,,,,,,,False,False,3D_inventory_only,True
IN3D-04-0100,4,100,-41.86,146.987,110.97,12.65,1403.76,101.53,4.27,-42.024,147.201,1674,516,0.915,4,Mid-rise,76.15,7.62,True,-1.0,,,,,,,,,,,,False,False,3D_inventory_only,True
IN3D-04-0101,4,101,167.219,266.129,90.28,7.5,676.81,78.46,2.23,166.99,266.187,888,352,0.869,2,Low-rise,58.84,5.88,True,-1.0,,,,,,,,,,,,False,False,3D_inventory_only,True
IN3D-04-0102,4,102,80.894,-21.474,172.38,14.36,2474.64,154.83,12.48,81.103,-20.912,1581,678,0.898,5,Mid-rise,116.12,11.61,True,-1.0,,,,,,,,,,,,False,False,3D_inventory_only,True
IN3D-04-0103,4,103,38.798,319.122,232.04,17.37,4031.62,211.64,4.72,39.77,318.843,2865,888,0.912,6,High-rise,158.73,15.87,True,-1.0,,,,,,,,,,,,False,False,3D_inventory_only,True
IN3D-04-0104,4,104,124.81,-146.066,70.15,4.33,303.44,54.21,1.71,125.299,-146.374,429,187,0.773,1,Low-rise,40.66,4.07,True,-1.0,,,,,,,,,,,,False,False,3D_inventory_only,True
IN3D-04-0105,4,105,88.821,-100.481,155.64,12.32,1918.09,145.78,5.55,89.194,-99.805,1442,605,0.937,4,Mid-rise,109.34,10.93,True,-1.0,,,,,,,,,,,,False,False,3D_inventory_only,True
IN3D-04-0106,4,106,-33.931,103.274,131.68,4.76,626.44,120.97,2.62,-33.597,103.564,709,434,0.919,2,Low-rise,90.73,9.07,True,-1.0,,,,,,,,,,,,False,False,3D_inventory_only,True
IN3D-04-0107,4,107,24.851,-117.552,138.3,12.76,1764.4,125.58,11.11,25.532,-116.942,1810,495,0.908,4,Mid-rise,94.18,9.42,True,-1.0,,,,,,,,,,,,False,False,3D_inventory_only,True
IN3D-04-0108,4,108,68.666,-20.752,153.35,12.36,1894.88,139.54,5.34,69.589,-20.869,1542,578,0.91,4,Mid-rise,104.66,10.47,True,-1.0,,,,,,,,,,,,False,False,3D_inventory_only,True
IN3D-04-0109,4,109,-0.037,-148.276,47.32,4.17,197.49,39.91,2.19,-0.274,-148.563,325,156,0.843,1,Low-rise,29.93,2.99,True,-1.0,,,,,,,,,,,,False,False,3D_inventory_only,True
IN3D-04-0110,4,110,-44.997,164.872,141.9,12.21,1732.97,130.69,3.97,-44.86,164.853,1913,541,0.921,4,Mid-rise,98.02,9.8,True,-1.0,,,,,,,,,,,,False,False,3D_inventory_only,True
IN3D-04-0111,4,111,126.222,335.987,154.42,15.32,2366.37,142.21,5.95,125.336,335.653,1881,596,0.921,5,High-rise,106.66,10.67,True,-1.0,,,,,,,,,,,,False,False,3D_inventory_only,True
IN3D-04-0112,4,112,54.608,105.29,344.38,5.02,1729.38,301.39,0.45,54.696,105.313,1847,917,0.875,2,Low-rise,226.04,22.6,True,-1.0,,,,,,,,,,,,False,False,3D_inventory_only,True
IN3D-04-0113,4,113,0.004,-45.113,334.26,14.71,4916.27,288.99,11.3,0.477,-45.229,2715,1091,0.865,5,Mid-rise,216.74,21.67,True,-1.0,,,,,,,,,,,,False,False,3D_inventory_only,True
IN3D-04-0114,4,114,-23.979,-22.5,138.62,11.65,1615.53,127.98,4.77,-24.102,-21.698,1252,511,0.923,4,Mid-rise,95.98,9.6,True,-1.0,,,,,,,,,,,,False,False,3D_inventory_only,True
IN3D-04-0115,4,115,110.751,219.682,147.14,10.5,1544.86,129.98,8.33,109.99,219.177,1591,531,0.883,4,Mid-rise,97.48,9.75,True,-1.0,,,,,,,,,,,,False,False,3D_inventory_only,True
IN3D-04-0116,4,116,77.273,-196.113,153.87,12.1,1861.96,142.07,5.09,77.115,-195.973,2178,631,0.923,4,Mid-rise,106.55,10.66,True,-1.0,,,,,,,,,,,,False,False,3D_inventory_only,True
IN3D-04-0117,4,117,13.974,-173.105,137.45,16.29,2238.73,127.81,8.71,14.039,-172.816,2148,736,0.93,5,High-rise,95.86,9.59,True,-1.0,,,,,,,,,,,,False,False,3D_inventory_only,True
IN3D-04-0118,4,118,71.435,-49.836,159.06,13.98,2223.42,148.35,6.38,71.463,-48.427,1853,619,0.933,5,Mid-rise,111.26,11.13,True,-1.0,,,,,,,,,,,,False,False,3D_inventory_only,True
IN3D-04-0119,4,119,39.71,-156.462,327.67,14.57,4772.99,305.16,12.5,39.716,-157.235,2925,1172,0.931,5,Mid-rise,228.87,22.89,True,-1.0,,,,,,,,,,,,False,False,3D_inventory_only,True
IN3D-04-0120,4,120,50.23,-204.131,93.6,5.78,540.7,89.39,2.08,49.81,-204.86,614,360,0.955,2,Low-rise,67.04,6.7,True,-1.0,,,,,,,,,,,,False,False,3D_inventory_only,True
IN3D-04-0121,4,121,89.202,330.596,169.73,8.43,1430.32,161.86,2.32,88.176,330.31,1194,590,0.954,3,Mid-rise,121.4,12.14,True,-1.0,,,,,,,,,,,,False,False,3D_inventory_only,True
IN3D-04-0122,4,122,103.896,-12.729,218.39,9.77,2133.56,196.71,3.45,103.568,-13.929,1596,576,0.901,3,Mid-rise,147.53,14.75,True,-1.0,,,,,,,,,,,,False,False,3D_inventory_only,True
IN3D-04-0123,4,123,-38.048,126.873,124.24,14.62,1816.24,116.7,3.29,-37.975,126.23,1980,431,0.939,5,Mid-rise,87.52,8.75,True,-1.0,,,,,,,,,,,,False,False,3D_inventory_only,True
IN3D-04-0124,4,124,130.333,180.217,306.48,15.24,4671.36,216.98,3.77,129.885,180.882,3051,958,0.708,5,High-rise,162.73,16.27,True,-1.0,,,,,,,,,,,,False,False,3D_inventory_only,True
IN3D-04-0125,4,125,124.399,134.771,1071.7,11.66,12500.45,1025.15,7.75,124.592,133.99,6471,2924,0.957,4,Mid-rise,768.86,76.89,True,-1.0,,,,,,,,,,,,False,False,3D_inventory_only,True
IN3D-04-0126,4,126,114.858,262.158,216.78,16.64,3607.97,199.44,3.84,115.638,262.155,3078,796,0.92,6,High-rise,149.58,14.96,True,-1.0,,,,,,,,,,,,False,False,3D_inventory_only,True
IN3D-04-0127,4,127,110.064,377.733,86.4,4.47,386.58,73.37,2.01,109.709,377.946,490,277,0.849,1,Low-rise,55.03,5.5,True,-1.0,,,,,,,,,,,,False,False,3D_inventory_only,True
IN3D-04-0128,4,128,-1.665,-135.28,139.51,14.08,1964.16,118.74,4.76,-2.33,-134.651,1669,495,0.851,5,Mid-rise,89.06,8.91,True,-1.0,,,,,,,,,,,,False,False,3D_inventory_only,True
IN3D-04-0129,4,129,71.999,-75.087,123.03,11.86,1458.84,99.4,5.44,73.093,-74.156,1060,391,0.808,4,Mid-rise,74.55,7.46,True,-1.0,,,,,,,,,,,,False,False,3D_inventory_only,True
IN3D-04-0130,4,130,4.219,-70.498,83.79,4.83,404.69,65.01,1.19,4.782,-71.21,454,218,0.776,2,Low-rise,48.76,4.88,True,-1.0,,,,,,,,,,,,False,False,3D_inventory_only,True
IN3D-04-0131,4,131,190.685,184.618,136.08,6.71,913.3,124.08,2.93,191.407,185.202,831,431,0.912,2,Low-rise,93.06,9.31,True,-1.0,,,,,,,,,,,,False,False,3D_inventory_only,True
IN3D-04-0132,4,132,-12.523,-51.719,79.74,5.23,416.76,77.0,2.39,-11.796,-50.95,441,285,0.966,2,Low-rise,57.75,5.78,True,-1.0,,,,,,,,,,,,False,False,3D_inventory_only,True
IN3D-04-0133,4,133,74.228,-63.112,118.29,13.14,1554.18,112.72,6.16,74.509,-63.929,1476,489,0.953,4,Mid-rise,84.54,8.45,True,-1.0,,,,,,,,,,,,False,False,3D_inventory_only,True
IN3D-04-0134,4,134,35.995,-207.394,215.91,13.39,2890.49,157.87,3.28,36.62,-207.332,2024,605,0.731,4,Mid-rise,118.4,11.84,True,-1.0,,,,,,,,,,,,False,False,3D_inventory_only,True
IN3D-04-0135,4,135,-26.123,205.379,141.81,11.44,1623.03,115.91,3.41,-25.899,204.909,1673,415,0.817,4,Mid-rise,86.93,8.69,True,-1.0,,,,,,,,,,,,False,False,3D_inventory_only,True
IN3D-04-0136,4,136,73.816,114.017,187.64,15.43,2895.75,151.68,9.59,74.005,114.948,2401,536,0.808,5,High-rise,113.76,11.38,True,-1.0,,,,,,,,,,,,False,False,3D_inventory_only,True
IN3D-04-0137,4,137,-45.543,-157.017,189.64,15.05,2853.66,158.15,5.2,-45.436,-156.909,2883,747,0.834,5,High-rise,118.61,11.86,True,-1.0,,,,,,,,,,,,False,False,3D_inventory_only,True
IN3D-04-0138,4,138,85.396,-74.905,122.34,14.64,1791.38,91.64,3.48,85.264,-74.682,1550,384,0.749,5,Mid-rise,68.73,6.87,True,-1.0,,,,,,,,,,,,False,False,3D_inventory_only,True
IN3D-04-0139,4,139,137.236,-152.8,156.85,12.21,1914.78,140.62,9.25,137.647,-153.092,2108,678,0.897,4,Mid-rise,105.46,10.55,True,-1.0,,,,,,,,,,,,False,False,3D_inventory_only,True
IN3D-04-0140,4,140,27.671,37.741,142.6,14.92,2127.39,124.53,12.81,28.545,38.643,1816,566,0.873,5,Mid-rise,93.4,9.34,True,-1.0,,,,,,,,,,,,False,False,3D_inventory_only,True
IN3D-04-0141,4,141,76.577,274.515,220.73,8.49,1874.89,180.04,6.45,77.849,274.793,1502,615,0.816,3,Mid-rise,135.03,13.5,True,-1.0,,,,,,,,,,,,False,False,3D_inventory_only,True
IN3D-04-0142,4,142,67.445,350.611,130.12,13.56,1764.43,116.48,10.02,68.022,350.976,1754,467,0.895,5,Mid-rise,87.36,8.74,True,-1.0,,,,,,,,,,,,False,False,3D_inventory_only,True
IN3D-04-0143,4,143,138.212,226.772,136.02,12.39,1685.57,123.8,4.32,139.308,226.858,1745,509,0.91,4,Mid-rise,92.85,9.28,True,-1.0,,,,,,,,,,,,False,False,3D_inventory_only,True
IN3D-04-0144,4,144,57.87,-39.79,216.75,14.34,3107.55,190.2,13.03,57.767,-41.847,1830,628,0.878,5,Mid-rise,142.65,14.26,True,-1.0,,,,,,,,,,,,False,False,3D_inventory_only,True
IN3D-04-0145,4,145,-85.867,-100.621,384.04,16.38,6291.77,367.98,14.32,-87.113,-100.593,3642,1179,0.958,5,High-rise,275.98,27.6,True,-1.0,,,,,,,,,,,,False,False,3D_inventory_only,True
IN3D-04-0146,4,146,118.76,388.167,152.39,12.29,1872.37,134.03,4.61,117.983,388.824,1543,579,0.88,4,Mid-rise,100.52,10.05,True,-1.0,,,,,,,,,,,,False,False,3D_inventory_only,True
IN3D-04-0147,4,147,136.226,259.227,234.09,7.89,1847.67,227.05,5.22,135.762,259.243,1444,818,0.97,3,Low-rise,170.29,17.03,True,-1.0,,,,,,,,,,,,False,False,3D_inventory_only,True
IN3D-04-0148,4,148,100.698,-47.9,156.05,8.98,1401.87,124.89,2.67,99.371,-48.341,1057,453,0.8,3,Mid-rise,93.67,9.37,True,-1.0,,,,,,,,,,,,False,False,3D_inventory_only,True
IN3D-04-0149,4,149,73.019,-11.753,51.31,4.09,209.91,40.2,1.85,73.259,-11.759,333,152,0.783,1,Low-rise,30.15,3.01,True,-1.0,,,,,,,,,,,,False,False,3D_inventory_only,True
IN3D-04-0150,4,150,155.944,243.112,286.96,8.75,2511.48,261.5,8.16,156.258,242.772,1907,876,0.911,3,Mid-rise,196.12,19.61,True,-1.0,,,,,,,,,,,,False,False,3D_inventory_only,True
IN3D-04-0151,4,151,181.639,239.225,228.04,14.79,3371.65,217.42,10.37,181.78,239.357,2774,812,0.953,5,Mid-rise,163.06,16.31,True,-1.0,,,,,,,,,,,,False,False,3D_inventory_only,True
IN3D-04-0152,4,152,58.18,378.924,288.64,12.63,3645.34,248.8,10.16,59.147,379.813,2265,853,0.862,4,Mid-rise,186.6,18.66,True,-1.0,,,,,,,,,,,,False,False,3D_inventory_only,True
IN3D-04-0153,4,153,-13.923,135.916,154.63,11.8,1825.27,120.87,4.98,-13.706,134.942,1443,518,0.782,4,Mid-rise,90.65,9.07,True,-1.0,,,,,,,,,,,,False,False,3D_inventory_only,True
IN3D-04-0154,4,154,-13.549,191.38,59.64,5.11,304.51,52.89,2.16,-13.95,191.0,400,214,0.887,2,Low-rise,39.67,3.97,True,-1.0,,,,,,,,,,,,False,False,3D_inventory_only,True
IN3D-04-0155,4,155,132.73,277.408,251.18,15.98,4012.96,240.65,12.41,133.602,277.975,3156,1052,0.958,5,High-rise,180.49,18.05,True,-1.0,,,,,,,,,,,,False,False,3D_inventory_only,True
IN3D-04-0156,4,156,95.126,-61.251,169.98,13.9,2362.69,134.3,10.54,95.14,-61.211,2140,524,0.79,5,Mid-rise,100.72,10.07,True,-1.0,,,,,,,,,,,,False,False,3D_inventory_only,True
IN3D-04-0157,4,157,33.948,-18.136,149.27,12.24,1827.3,123.79,11.32,34.337,-18.23,1318,501,0.829,4,Mid-rise,92.84,9.28,True,-1.0,,,,,,,,,,,,False,False,3D_inventory_only,True
IN3D-04-0158,4,158,96.277,234.774,137.33,11.74,1612.44,113.95,9.44,95.775,235.05,1381,458,0.83,4,Mid-rise,85.46,8.55,True,-1.0,,,,,,,,,,,,False,False,3D_inventory_only,True
IN3D-04-0159,4,159,103.964,-116.256,199.7,13.83,2761.8,189.17,13.72,102.92,-115.818,2447,722,0.947,5,Mid-rise,141.88,14.19,True,-1.0,,,,,,,,,,,,False,False,3D_inventory_only,True
IN3D-04-0160,4,160,-65.694,82.921,352.0,15.83,5573.55,334.9,8.98,-65.645,82.337,4334,1588,0.951,5,High-rise,251.18,25.12,True,-1.0,,,,,,,,,,,,False,False,3D_inventory_only,True
IN3D-04-0161,4,161,120.869,-159.21,174.0,12.87,2238.57,166.1,9.99,120.706,-159.892,2358,817,0.955,4,Mid-rise,124.57,12.46,True,-1.0,,,,,,,,,,,,False,False,3D_inventory_only,True
IN3D-04-0162,4,162,166.276,146.907,147.76,13.46,1988.53,131.02,5.74,167.419,146.997,1743,501,0.887,4,Mid-rise,98.27,9.83,True,-1.0,,,,,,,,,,,,False,False,3D_inventory_only,True
IN3D-04-0163,4,163,27.064,-198.347,126.34,12.29,1552.62,110.6,4.49,27.322,-198.825,1649,469,0.875,4,Mid-rise,82.95,8.3,True,-1.0,,,,,,,,,,,,False,False,3D_inventory_only,True
IN3D-04-0164,4,164,100.977,-101.384,140.54,11.8,1658.68,107.15,5.02,99.947,-101.983,1437,418,0.762,4,Mid-rise,80.36,8.04,True,-1.0,,,,,,,,,,,,False,False,3D_inventory_only,True
IN3D-04-0165,4,165,173.188,194.097,205.14,12.67,2599.79,190.46,9.45,172.558,193.889,2096,697,0.928,4,Mid-rise,142.84,14.28,True,-1.0,,,,,,,,,,,,False,False,3D_inventory_only,True
IN3D-04-0166,4,166,-75.751,-81.124,289.17,16.3,4713.98,197.32,2.47,-76.888,-81.125,4058,791,0.682,5,High-rise,147.99,14.8,True,-1.0,,,,,,,,,,,,False,False,3D_inventory_only,True
IN3D-04-0167,4,167,41.785,259.869,206.42,17.19,3549.18,193.29,11.59,40.662,260.037,2708,766,0.936,6,High-rise,144.97,14.5,True,-1.0,,,,,,,,,,,,False,False,3D_inventory_only,True
IN3D-04-0168,4,168,75.758,81.831,195.39,12.99,2537.49,179.84,7.75,77.21,80.734,1949,590,0.92,4,Mid-rise,134.88,13.49,True,-1.0,,,,,,,,,,,,False,False,3D_inventory_only,True
IN3D-04-0169,4,169,87.891,-89.449,189.67,14.31,2714.17,165.65,10.61,88.953,-90.206,1844,586,0.873,5,Mid-rise,124.24,12.42,True,-1.0,,,,,,,,,,,,False,False,3D_inventory_only,True
IN3D-04-0170,4,170,48.19,77.649,734.59,15.82,11619.52,702.86,11.73,47.959,76.723,6785,3128,0.957,5,High-rise,527.14,52.71,True,-1.0,,,,,,,,,,,,False,False,3D_inventory_only,True
IN3D-04-0171,4,171,-7.346,-91.433,162.75,14.08,2291.77,148.35,7.2,-7.428,-90.295,1654,611,0.912,5,Mid-rise,111.26,11.13,True,-1.0,,,,,,,,,,,,False,False,3D_inventory_only,True
IN3D-04-0172,4,172,55.339,325.163,229.26,16.75,3839.31,211.26,10.65,56.009,324.504,2288,792,0.921,6,High-rise,158.44,15.84,True,-1.0,,,,,,,,,,,,False,False,3D_inventory_only,True
IN3D-04-0173,4,173,30.172,-168.069,120.76,14.35,1732.61,100.15,4.46,30.925,-168.575,1531,438,0.829,5,Mid-rise,75.11,7.51,True,-1.0,,,,,,,,,,,,False,False,3D_inventory_only,True
IN3D-04-0174,4,174,162.026,-48.631,82.96,13.87,1150.6,67.82,3.48,161.505,-48.155,1225,288,0.818,5,Mid-rise,50.86,5.09,True,-1.0,,,,,,,,,,,,False,False,3D_inventory_only,True
IN3D-04-0175,4,175,183.686,254.582,152.49,12.22,1863.29,141.31,9.58,183.959,254.311,1848,613,0.927,4,Mid-rise,105.98,10.6,True,-1.0,,,,,,,,,,,,False,False,3D_inventory_only,True
IN3D-04-0176,4,176,103.166,-27.44,145.11,15.1,2191.53,127.67,7.47,102.193,-26.572,1471,507,0.88,5,High-rise,95.75,9.57,True,-1.0,,,,,,,,,,,,False,False,3D_inventory_only,True
IN3D-04-0177,4,177,-60.567,-14.941,568.87,17.3,9840.24,429.53,3.04,-60.913,-15.25,5501,2108,0.755,6,High-rise,322.15,32.21,True,-1.0,,,,,,,,,,,,False,False,3D_inventory_only,True
IN3D-04-0178,4,178,-69.222,297.708,266.15,20.36,5418.1,260.71,14.67,-70.735,296.535,3226,1093,0.98,7,High-rise,195.53,19.55,True,-1.0,,,,,,,,,,,,False,False,3D_inventory_only,True
IN3D-04-0179,4,179,-15.56,176.456,241.5,11.91,2876.43,216.61,8.78,-15.322,176.338,2711,786,0.897,4,Mid-rise,162.46,16.25,True,-1.0,,,,,,,,,,,,False,False,3D_inventory_only,True
IN3D-04-0180,4,180,15.291,134.344,184.8,15.18,2805.61,174.26,1.06,15.284,133.796,2898,631,0.943,5,High-rise,130.7,13.07,True,-1.0,,,,,,,,,,,,False,False,3D_inventory_only,True
IN3D-04-0181,4,181,101.719,12.198,64.9,5.39,349.62,53.05,1.64,101.288,12.981,465,200,0.817,2,Low-rise,39.79,3.98,True,-1.0,,,,,,,,,,,,False,False,3D_inventory_only,True
IN3D-04-0182,4,182,191.643,288.761,164.77,14.48,2386.42,141.9,9.29,190.626,289.04,1918,611,0.861,5,Mid-rise,106.43,10.64,True,-1.0,,,,,,,,,,,,False,False,3D_inventory_only,True
IN3D-04-0183,4,183,45.888,-17.87,123.87,11.93,1477.97,100.72,5.39,45.116,-16.472,1193,459,0.813,4,Mid-rise,75.54,7.55,True,-1.0,,,,,,,,,,,,False,False,3D_inventory_only,True
IN3D-04-0184,4,184,12.56,29.353,267.21,15.64,4179.32,216.96,12.77,11.934,29.934,2750,869,0.812,5,High-rise,162.72,16.27,True,-1.0,,,,,,,,,,,,False,False,3D_inventory_only,True
IN3D-04-0185,4,185,47.165,226.639,734.68,14.13,10383.69,713.15,10.55,45.541,226.885,8263,2460,0.971,5,Mid-rise,534.86,53.49,True,-1.0,,,,,,,,,,,,False,False,3D_inventory_only,True
IN3D-04-0186,4,186,117.041,-73.533,147.29,14.7,2165.24,132.98,10.81,118.103,-74.458,1531,485,0.903,5,Mid-rise,99.73,9.97,True,-1.0,,,,,,,,,,,,False,False,3D_inventory_only,True
IN3D-04-0187,4,187,-55.616,110.537,367.02,21.34,7831.12,342.36,5.76,-56.235,110.767,4784,1481,0.933,7,High-rise,256.77,25.68,True,-1.0,,,,,,,,,,,,False,False,3D_inventory_only,True
IN3D-04-0188,4,188,91.001,-23.874,172.99,14.35,2482.29,152.62,11.95,90.64,-23.421,1469,567,0.882,5,Mid-rise,114.46,11.45,True,-1.0,,,,,,,,,,,,False,False,3D_inventory_only,True
IN3D-04-0189,4,189,155.544,-84.903,131.58,6.17,811.85,116.56,3.06,155.138,-84.761,709,423,0.886,2,Low-rise,87.42,8.74,True,-1.0,,,,,,,,,,,,False,False,3D_inventory_only,True
IN3D-04-0190,4,190,170.831,167.843,142.32,13.39,1906.31,131.43,6.64,171.232,167.591,1766,585,0.923,4,Mid-rise,98.57,9.86,True,-1.0,,,,,,,,,,,,False,False,3D_inventory_only,True
IN3D-04-0191,4,191,186.421,194.913,69.48,3.93,272.82,55.96,1.76,186.206,194.808,352,202,0.805,1,Single-storey,41.97,4.2,True,-1.0,,,,,,,,,,,,False,False,3D_inventory_only,True
IN3D-04-0192,4,192,48.45,-214.811,139.99,11.83,1656.67,127.74,2.33,48.957,-213.786,1488,569,0.912,4,Mid-rise,95.8,9.58,True,-1.0,,,,,,,,,,,,False,False,3D_inventory_only,True
IN3D-04-0193,4,193,-10.12,27.521,124.79,13.82,1724.91,113.46,10.65,-10.208,28.26,924,415,0.909,5,Mid-rise,85.1,8.51,True,-1.0,,,,,,,,,,,,False,False,3D_inventory_only,True
IN3D-04-0194,4,194,89.848,-45.92,129.71,14.55,1887.96,100.61,5.18,90.635,-45.76,1765,391,0.776,5,Mid-rise,75.46,7.55,True,-1.0,,,,,,,,,,,,False,False,3D_inventory_only,True
IN3D-04-0195,4,195,-66.074,237.498,496.34,18.77,9317.55,398.27,13.92,-66.332,238.834,5474,1434,0.802,6,High-rise,298.7,29.87,True,-1.0,,,,,,,,,,,,False,False,3D_inventory_only,True
IN3D-04-0196,4,196,104.464,-162.645,126.81,14.82,1878.7,115.64,7.01,104.476,-162.846,2109,534,0.912,5,Mid-rise,86.73,8.67,True,-1.0,,,,,,,,,,,,False,False,3D_inventory_only,True
IN3D-04-0197,4,197,-18.865,25.033,151.67,22.34,3388.02,118.89,13.92,-18.651,26.534,2710,476,0.784,7,High-rise,89.17,8.92,True,-1.0,,,,,,,,,,,,False,False,3D_inventory_only,True
IN3D-04-0198,4,198,81.497,47.884,312.02,18.44,5754.29,287.63,3.01,82.067,48.307,4130,971,0.922,6,High-rise,215.72,21.57,True,-1.0,,,,,,,,,,,,False,False,3D_inventory_only,True
IN3D-04-0199,4,199,100.075,389.151,208.43,16.1,3355.91,154.71,5.34,100.263,389.462,2381,587,0.742,5,High-rise,116.03,11.6,True,-1.0,,,,,,,,,,,,False,False,3D_inventory_only,True
IN3D-04-0200,4,200,160.627,126.114,143.42,14.96,2145.25,135.81,5.41,161.285,125.871,1840,575,0.947,5,Mid-rise,101.86,10.19,True,-1.0,,,,,,,,,,,,False,False,3D_inventory_only,True
IN3D-04-0201,4,201,155.669,-69.39,149.74,15.25,2283.61,133.28,14.47,156.396,-69.69,1828,533,0.89,5,High-rise,99.96,10.0,True,-1.0,,,,,,,,,,,,False,False,3D_inventory_only,True
IN3D-04-0202,4,202,-5.708,135.176,85.2,5.24,446.73,72.65,1.07,-5.77,135.676,486,242,0.853,2,Low-rise,54.49,5.45,True,-1.0,,,,,,,,,,,,False,False,3D_inventory_only,True
IN3D-04-0203,4,203,188.926,209.695,167.18,13.74,2297.04,155.83,7.19,189.337,209.685,1891,670,0.932,5,Mid-rise,116.87,11.69,True,-1.0,,,,,,,,,,,,False,False,3D_inventory_only,True
IN3D-04-0204,4,204,-15.688,156.598,344.42,13.45,4633.96,324.31,11.07,-15.835,156.386,3527,1075,0.942,4,Mid-rise,243.23,24.32,True,-1.0,,,,,,,,,,,,False,False,3D_inventory_only,True
IN3D-04-0205,4,205,-16.413,310.586,1366.7,22.01,30082.69,1353.92,17.31,-15.92,310.233,13825,4345,0.991,7,High-rise,1015.44,101.54,True,-1.0,,,,,,,,,,,,False,False,3D_inventory_only,True
IN3D-04-0206,4,206,89.896,386.42,72.25,5.36,387.27,64.51,1.99,90.187,387.48,452,240,0.893,2,Low-rise,48.38,4.84,True,-1.0,,,,,,,,,,,,False,False,3D_inventory_only,True
IN3D-04-0207,4,207,175.511,224.064,132.36,14.86,1966.99,120.34,11.62,175.048,223.325,1885,461,0.909,5,Mid-rise,90.26,9.03,True,-1.0,,,,,,,,,,,,False,False,3D_inventory_only,True
IN3D-04-0208,4,208,150.803,213.207,132.19,12.64,1670.31,123.4,8.75,150.969,213.237,1800,489,0.934,4,Mid-rise,92.55,9.25,True,-1.0,,,,,,,,,,,,False,False,3D_inventory_only,True
IN3D-04-0209,4,209,-0.967,249.093,1600.9,19.38,31032.71,1455.79,13.84,0.403,249.385,12927,3972,0.909,6,High-rise,1091.84,109.18,True,-1.0,,,,,,,,,,,,False,False,3D_inventory_only,True
IN3D-04-0210,4,210,4.246,103.87,1096.01,20.84,22838.35,1043.98,14.26,6.31,103.243,9429,3894,0.953,7,High-rise,782.98,78.3,True,-1.0,,,,,,,,,,,,False,False,3D_inventory_only,True
IN3D-04-0211,4,211,34.907,236.091,63.57,8.82,560.96,40.81,0.82,34.246,236.513,593,159,0.642,3,Mid-rise,30.61,3.06,True,-1.0,,,,,,,,,,,,False,False,3D_inventory_only,True
IN3D-04-0212,4,212,173.279,210.327,138.41,13.0,1799.87,129.97,8.98,172.85,210.04,1468,498,0.939,4,Mid-rise,97.48,9.75,True,-1.0,,,,,,,,,,,,False,False,3D_inventory_only,True
IN3D-04-0213,4,213,-71.303,26.083,859.44,19.12,16433.78,791.36,16.03,-70.85,27.388,8076,2468,0.921,6,High-rise,593.52,59.35,True,-1.0,,,,,,,,,,,,False,False,3D_inventory_only,True
IN3D-04-0214,4,214,-38.648,11.902,789.01,17.02,13429.11,454.84,13.65,-37.735,8.981,5523,1633,0.576,6,High-rise,341.13,34.11,True,-1.0,,,,,,,,,,,,False,False,3D_inventory_only,True
IN3D-04-0215,4,215,-0.529,29.477,233.64,19.06,4452.78,209.18,17.59,-0.236,30.404,2607,867,0.895,6,High-rise,156.88,15.69,True,-1.0,,,,,,,,,,,,False,False,3D_inventory_only,True
IN3D-04-0216,4,216,-77.45,-60.636,192.78,14.13,2723.68,174.65,3.66,-78.403,-58.314,1828,660,0.906,5,Mid-rise,130.99,13.1,True,-1.0,,,,,,,,,,,,False,False,3D_inventory_only,True
IN3D-04-0217,4,217,-77.732,215.33,241.86,20.04,4845.85,193.22,4.45,-79.028,214.011,2996,728,0.799,7,High-rise,144.92,14.49,True,-1.0,,,,,,,,,,,,False,False,3D_inventory_only,True
IN3D-04-0218,4,218,37.608,129.192,277.31,15.8,4380.65,261.18,1.45,36.572,128.998,3403,824,0.942,5,High-rise,195.88,19.59,True,-1.0,,,,,,,,,,,,False,False,3D_inventory_only,True
IN3D-04-0219,4,219,98.326,93.198,700.6,15.52,10874.85,668.25,11.67,97.793,92.257,5426,2022,0.954,5,High-rise,501.19,50.12,True,-1.0,,,,,,,,,,,,False,False,3D_inventory_only,True
IN3D-04-0220,4,220,34.697,110.147,327.85,22.25,7294.55,267.89,9.8,34.051,109.488,4211,1204,0.817,7,High-rise,200.92,20.09,True,-1.0,,,,,,,,,,,,False,False,3D_inventory_only,True
IN3D-04-0221,4,221,-71.721,180.957,577.15,19.91,11492.55,511.97,5.06,-72.808,180.892,6222,1862,0.887,7,High-rise,383.98,38.4,True,-1.0,,,,,,,,,,,,False,False,3D_inventory_only,True
IN3D-04-0222,4,222,-62.871,143.008,467.13,20.36,9512.94,432.95,3.81,-64.148,142.628,5324,1670,0.927,7,High-rise,324.71,32.47,True,-1.0,,,,,,,,,,,,False,False,3D_inventory_only,True
IN3D-04-0223,4,223,74.931,340.77,64.9,3.65,236.6,54.22,1.89,74.821,341.683,337,180,0.835,1,Single-storey,40.66,4.07,True,-1.0,,,,,,,,,,,,False,False,3D_inventory_only,True
IN3D-04-0224,4,224,94.472,358.737,51.41,5.04,258.97,45.36,2.54,94.709,359.008,329,177,0.882,2,Low-rise,34.02,3.4,True,-1.0,,,,,,,,,,,,False,False,3D_inventory_only,True
IN3D-04-0225,4,225,184.226,386.246,115.95,4.32,500.81,88.77,1.5,184.672,384.648,476,303,0.766,1,Low-rise,66.58,6.66,True,-1.0,,,,,,,,,,,,False,False,3D_inventory_only,True
IN3D-04-0226,4,226,115.431,205.702,54.42,4.86,264.49,47.0,3.14,114.4,206.018,370,183,0.864,2,Low-rise,35.25,3.52,True,-1.0,,,,,,,,,,,,False,False,3D_inventory_only,True
IN3D-04-0227,4,227,143.768,164.979,97.2,5.16,501.75,90.64,1.83,144.591,165.7,559,326,0.933,2,Low-rise,67.98,6.8,True,-1.0,,,,,,,,,,,,False,False,3D_inventory_only,True
IN3D-04-0228,4,228,90.58,227.498,27.44,4.03,110.47,24.17,1.31,90.406,227.872,244,85,0.881,1,Low-rise,18.13,1.81,True,-1.0,,,,,,,,,,,,False,False,3D_inventory_only,True
IN3D-04-0229,4,229,96.039,214.037,38.07,3.72,141.64,31.18,1.2,96.43,213.786,234,124,0.819,1,Single-storey,23.38,2.34,True,-1.0,,,,,,,,,,,,False,False,3D_inventory_only,True
IN3D-04-0230,4,230,112.859,230.846,180.28,14.75,2659.3,159.65,11.81,112.089,231.051,2347,603,0.886,5,Mid-rise,119.74,11.97,True,-1.0,,,,,,,,,,,,False,False,3D_inventory_only,True
IN3D-04-0231,4,231,47.637,-6.692,37.75,4.6,173.74,36.13,1.83,47.596,-7.537,206,144,0.957,2,Low-rise,27.1,2.71,True,-1.0,,,,,,,,,,,,False,False,3D_inventory_only,True
IN3D-04-0232,4,232,40.753,-5.946,32.83,4.63,151.87,23.04,1.87,41.167,-6.506,198,96,0.702,2,Low-rise,17.28,1.73,True,-1.0,,,,,,,,,,,,False,False,3D_inventory_only,True
IN3D-04-0233,4,233,101.004,61.674,67.19,4.53,304.54,56.98,1.25,102.275,61.629,452,230,0.848,2,Low-rise,42.74,4.27,True,-1.0,,,,,,,,,,,,False,False,3D_inventory_only,True
IN3D-04-0234,4,234,14.67,-76.893,32.01,2.88,92.27,28.76,1.36,14.532,-76.649,181,110,0.898,1,Single-storey,21.57,2.16,True,-1.0,,,,,,,,,,,,False,False,3D_inventory_only,True
IN3D-04-0235,4,235,32.008,-74.897,18.94,2.65,50.21,15.95,1.38,32.124,-74.694,157,80,0.842,1,Single-storey,11.96,1.2,True,-1.0,,,,,,,,,,,,False,False,3D_inventory_only,True
IN3D-04-0236,4,236,29.503,-66.559,30.46,3.05,92.99,23.61,1.93,29.801,-65.649,195,111,0.775,1,Single-storey,17.71,1.77,True,-1.0,,,,,,,,,,,,False,False,3D_inventory_only,True
IN3D-04-0237,4,237,-25.999,-128.309,66.68,6.29,419.26,58.34,3.45,-25.496,-128.284,487,249,0.875,2,Low-rise,43.76,4.38,True,-1.0,,,,,,,,,,,,False,False,3D_inventory_only,True
IN3D-04-0238,4,238,8.321,-134.46,42.83,4.84,207.25,37.88,2.27,8.299,-134.436,243,155,0.884,2,Low-rise,28.41,2.84,True,-1.0,,,,,,,,,,,,False,False,3D_inventory_only,True
IN3D-04-0239,4,239,35.685,-96.632,75.08,4.32,324.14,70.21,2.36,35.788,-95.855,409,240,0.935,1,Low-rise,52.66,5.27,True,-1.0,,,,,,,,,,,,False,False,3D_inventory_only,True
IN3D-04-0240,4,240,47.799,-93.719,68.2,4.77,325.0,59.85,2.84,47.437,-93.235,397,234,0.878,2,Low-rise,44.89,4.49,True,-1.0,,,,,,,,,,,,False,False,3D_inventory_only,True
IN3D-04-0241,4,241,89.204,-109.857,52.74,4.44,234.41,42.12,2.66,89.264,-110.454,328,173,0.799,1,Low-rise,31.59,3.16,True,-1.0,,,,,,,,,,,,False,False,3D_inventory_only,True
IN3D-04-0242,4,242,125.911,-106.3,45.38,3.18,144.2,40.1,1.37,125.572,-105.835,255,150,0.884,1,Single-storey,30.08,3.01,True,-1.0,,,,,,,,,,,,False,False,3D_inventory_only,True
IN3D-04-0243,4,243,139.024,-118.701,37.67,4.2,158.36,28.58,2.08,139.298,-118.692,321,134,0.759,1,Low-rise,21.44,2.14,True,-1.0,,,,,,,,,,,,False,False,3D_inventory_only,True
IN3D-04-0244,4,244,69.27,-170.367,24.49,4.34,106.37,22.45,1.69,69.336,-171.018,218,106,0.917,1,Low-rise,16.84,1.68,True,-1.0,,,,,,,,,,,,False,False,3D_inventory_only,True
IN3D-04-0245,4,245,-73.693,-94.987,44.21,4.77,211.08,37.92,3.2,-73.878,-94.774,372,140,0.858,2,Low-rise,28.44,2.84,True,-1.0,,,,,,,,,,,,False,False,3D_inventory_only,True
IN3D-04-0246,4,246,-80.857,-89.207,10.74,2.68,28.78,6.8,0.75,-80.794,-89.013,115,37,0.633,1,Single-storey,5.1,0.51,True,-1.0,,,,,,,,,,,,False,False,3D_inventory_only,True
IN3D-04-0247,4,247,74.313,-39.447,132.39,13.29,1759.41,108.6,10.2,75.614,-40.194,1466,397,0.82,4,Mid-rise,81.45,8.14,True,-1.0,,,,,,,,,,,,False,False,3D_inventory_only,True
IN3D-04-0248,4,248,154.915,226.432,137.63,13.3,1831.07,132.53,5.4,154.094,226.269,1693,455,0.963,4,Mid-rise,99.4,9.94,True,-1.0,,,,,,,,,,,,False,False,3D_inventory_only,True
IN3D-04-0249,4,249,149.202,280.117,162.73,16.53,2689.16,143.47,4.82,148.999,281.257,1662,532,0.882,6,High-rise,107.6,10.76,True,-1.0,,,,,,,,,,,,False,False,3D_inventory_only,True
IN3D-04-0250,4,250,161.605,282.739,162.9,16.51,2689.03,134.57,4.86,160.134,283.582,2176,549,0.826,6,High-rise,100.93,10.09,True,-1.0,,,,,,,,,,,,False,False,3D_inventory_only,True
IN3D-04-0251,4,251,180.391,145.945,146.24,13.94,2038.48,136.09,2.76,179.09,146.275,1739,524,0.931,5,Mid-rise,102.07,10.21,True,-1.0,,,,,,,,,,,,False,False,3D_inventory_only,True
IN3D-04-0252,4,252,67.211,325.278,152.75,15.76,2406.76,134.86,3.03,67.263,325.078,1185,520,0.883,5,High-rise,101.15,10.12,True,-1.0,,,,,,,,,,,,False,False,3D_inventory_only,True
IN3D-04-0253,4,253,78.424,327.695,160.66,15.58,2502.42,147.96,3.08,77.602,327.493,1638,571,0.921,5,High-rise,110.97,11.1,True,-1.0,,,,,,,,,,,,False,False,3D_inventory_only,True
IN3D-04-0254,4,254,176.842,285.168,173.78,14.27,2479.34,168.67,5.67,178.012,285.434,2052,736,0.971,5,Mid-rise,126.5,12.65,True,-1.0,,,,,,,,,,,,False,False,3D_inventory_only,True
IN3D-04-0255,4,255,118.674,-85.719,133.66,12.35,1650.7,126.54,9.67,119.23,-84.879,1526,581,0.947,4,Mid-rise,94.9,9.49,True,-1.0,,,,,,,,,,,,False,False,3D_inventory_only,True
IN3D-04-0256,4,256,132.406,-81.09,287.97,13.86,3991.18,271.2,12.41,131.859,-81.693,2182,1113,0.942,5,Mid-rise,203.4,20.34,True,-1.0,,,,,,,,,,,,False,False,3D_inventory_only,True
IN3D-04-0257,4,257,196.49,166.348,140.93,13.74,1936.26,134.97,2.81,195.21,166.732,1691,483,0.958,5,Mid-rise,101.23,10.12,True,-1.0,,,,,,,,,,,,False,False,3D_inventory_only,True
IN3D-04-0258,4,258,183.581,167.142,143.97,13.48,1940.12,128.27,5.91,183.629,167.423,1356,539,0.891,4,Mid-rise,96.2,9.62,True,-1.0,,,,,,,,,,,,False,False,3D_inventory_only,True
IN3D-04-0259,4,259,61.249,-215.809,206.31,12.91,2664.12,190.44,10.31,60.454,-214.451,1974,823,0.923,4,Mid-rise,142.83,14.28,True,-1.0,,,,,,,,,,,,False,False,3D_inventory_only,True
IN3D-04-0260,4,260,186.823,124.944,143.27,15.15,2170.57,125.43,2.71,185.915,125.449,1795,470,0.875,5,High-rise,94.07,9.41,True,-1.0,,,,,,,,,,,,False,False,3D_inventory_only,True
IN3D-04-0261,4,261,173.47,125.402,152.69,15.05,2297.3,141.54,5.54,173.324,125.643,1459,544,0.927,5,High-rise,106.16,10.62,True,-1.0,,,,,,,,,,,,False,False,3D_inventory_only,True
IN3D-04-0262,4,262,170.348,-70.836,180.79,14.59,2637.15,171.95,8.44,170.107,-70.497,2149,743,0.951,5,Mid-rise,128.96,12.9,True,-1.0,,,,,,,,,,,,False,False,3D_inventory_only,True
IN3D-04-0263,4,263,190.1,224.306,121.81,11.27,1372.3,108.27,2.97,190.461,223.948,1228,380,0.889,4,Mid-rise,81.2,8.12,True,-1.0,,,,,,,,,,,,False,False,3D_inventory_only,True
IN3D-04-0264,4,264,-69.096,-39.744,155.32,15.31,2377.9,100.39,2.49,-71.036,-39.956,1690,355,0.646,5,High-rise,75.29,7.53,True,-1.0,,,,,,,,,,,,False,False,3D_inventory_only,True
IN3D-04-0265,4,265,126.336,99.742,234.35,15.15,3550.1,184.45,2.99,125.426,99.232,2810,722,0.787,5,High-rise,138.34,13.83,True,-1.0,,,,,,,,,,,,False,False,3D_inventory_only,True
